Name,US GDP (AR) CONA,US PERSONAL CONSUMPTION EXPENDITURES (AR) CONA,US PERSONAL CONSUMPTION EXPENDITURES - DURABLES (AR) CONA,US PERSONAL CONSUMPTION EXPENDITURES - NONDURABLES(AR) CONA,US PERSONAL CONSUMPTION EXPENDITURES - SERVICES (AR) CONA,US PRIVATE DOMESTIC FIXED INVESTMENT (AR) CONA,US CHANGE IN PRIVATE INVENTORIES (NIA) (AR) CONA,US EXPORTS OF GOODS & SERVICES (NIA) (AR) CONA,US IMPORTS OF GOODS & SERVICES (NIA) (AR) CONA,US GOVERNMENT CONSUMPTION & INVESTMENT (AR) CONA,US GDP (AR) CURA,US PERSONAL CONSUMPTION EXPENDITURES (AR) CURA,US PERSONAL CONSUMPTION EXPENDITURES - DURABLES (AR) CURA,US PERSONAL CONSUMPTION EXPENDITURES - NONDURABLES(AR) CURA,US PERSONAL CONSUMPTION EXPENDITURES - SERVICES (AR) CURA,US PRIVATE DOMESTIC FIXED INVESTMENT (AR) CURA,US CHANGE IN PRIVATE INVENTORIES (AR) CURA,US EXPORTS OF GOODS & SERVICES (NIA) (AR) CURA,US IMPORTS OF GOODS & SERVICES (NIA) (AR) CURA,US GOVERNMENT CONSUMPTION & INVESTMENT (AR) CURA,US IMPLICIT PRICE DEFLATOR - GDP SADJ,US IPD - PERSONAL CONSUMPTION EXPENDITURES SADJ,US CPI - ALL URBAN: ALL ITEMS SADJ,US CPI - ALL ITEMS LESS FOOD & ENERGY (CORE) SADJ,US PPI - FINISHED GOODS SADJ,US INDUSTRIAL PRODUCTION - TOTAL INDEX VOLA,"US CIVILIAN LABOR FORCE, (16 YRS & OVER) VOLA",US TOTAL CIVILIAN EMPLOYMENT VOLA,US CIVILIAN NONINSTITUTIONAL POPULATION - 16 YRS & OVER VOLN,US UNEMPLOYMENT RATE SADJ,US EMPLOYED - NONFARM INDUSTRIES TOTAL (PAYROLL SURVEY) VOLA,US AVG WKLY HOURS - TOTAL PRIVATE NONFARM VOLA,US FEDERAL FUNDS RATE (AVG.),US TREASURY BILL SECONDARY MARKET RATE ON DISCOUNT BASIS-3 MONTH,US TREASURY BILL SECONDARY MARKET RATE ON DISCOUNT BASIS-6 MONTH,US TREASURY YIELD ADJUSTED TO CONSTANT MATURITY - 1 YEAR,US TREASURY YIELD ADJUSTED TO CONSTANT MATURITY - 5 YEAR,US TREASURY YIELD ADJUSTED TO CONSTANT MATURITY - 10YEAR,US STANDARD & POOR'S INDEX OF 500 COMMON STOCKS(MONTHLY AVE NADJ,US DOW JONES INDUSTRIALS SHARE PRICE INDEX (EP) NADJ,US NEW YORK STOCK EXCHANGE COMPOSITE SHARE PRICE INDEX,US THE CONFERENCE BOARD LEADING ECONOMIC INDICATORS INDEX SADJ,US NET PRIVATE SAVING CURA,US NET GOVERNMENT SAVING CURA,US NONRESL. PRIVATE FIXED INVESTMENT - STRUCTURES (AR) CONA,US NONRESL.PRIVATE FIXED INVESTMENT-EQUIPMENT & SOFTWARE(AR),US RESIDENTIAL PRIVATE DOMESTIC INVESTMENT (AR) CONA,US NONRESL. PRIVATE FIXED INVESTMENT - STRUCTURES (AR) CURA,US NONRESL.PRIVATE FIXED INVESTMENT-EQUIPMENT & SOFTWARE(AR),US RESIDENTIAL PRIVATE DOMESTIC INVESTMENT (AR) CURA,US NET WORTH - HOUSEHOLDS & NONPROFITS (FOF) CURN,US TOTAL ASSETS - HHOLDS & NONPROFITS CURN,US REAL ESTATE ASSETS - HOUSEHOLDS & NONPROFITS (FOF) CURN,US FINANCIAL LIABILITIES - HOUSEHOLDS & NONPROFITS(FOF) CURN,"US GDP IN REAL TERMS,POTENTIAL OUTPUT (AR) CONA",US RATIO OF POTENTIAL AND ACTUAL REAL GDP (AR) SADJ,US MONETARY BASE CURA,US MONEY SUPPLY M1 CURA,US MONEY SUPPLY M2 CURA
Code,USGDP...D,USCNPER.D,USCNDURBD,USCNNONDD,USCNSERVD,USGFCF..D,USINVCH.D,USEXNGS.D,USIMNGS.D,USCNGOV.D,USGDP...B,USCNPER.B,USCNDURBB,USCNNONDB,USCNSERVB,USGFCF..B,USINVCH.B,USEXNGS.B,USIMNGS.B,USCNGOV.B,USGDPIPDE,USIPDCONE,USCONPRCE,USCPXFDEE,USPROPRCE,USIPTOT.G,USLABFRCE,USEMPTOTO,USCIVILPF,USUN%TOTQ,USEMPALLO,USHKIP..O,USFEDFUN,USTRB3AV,USYTB6SM,USTRCN1.,USTRCN5.,USTRCN10,US500STK,USSHRPRCF,USNYSCOM,USCYLEAD,USSVNP..B,USFSLBALB,USNRSSTRD,USINVPDED,USGPDRESD,USNRSSTRB,USINVPDEB,USGPDRESB,US15XXWAA,US15XFTAA,US15RETAA,US15XXXLA,USOCFPGDD,USOCFRGDQ,USM0....B,USM1....B,USM2....B
Q1 1950,1914.6,1245.4,,,,,7.4,52.5,56.4,483.5,275.2,183.1,29.3,81.5,72.3,42.3,2,11.7,9.5,45.5,14.373,14.701,23.587,,,15.8704,61651,57705,104733,6.4,43593,,,1.1,,,,,17.147,206.05,,,27.6,-7.3,,,,9.1,15.1,18.1,,,,,,,,,
Q2 1950,1972.9,1265.9,,,,,10.8,53.1,59.5,491.4,284.5,187,29.8,82.8,74.4,47,2.8,11.9,10.2,46,14.421,14.771,23.767,,27.5,17.203,62220,58761,105020,5.6,44726,,,1.15,,,,,18.34,209.11,,,23.8,3.5,,,,9.5,17.1,20.4,,,,,,,,,
Q3 1950,2050.1,1330.9,,,,,14.1,54.5,73.5,482,301.9,200.7,37.4,86.6,76.7,52,4.2,12.3,13,45.8,14.727,15.079,24.203,,28.5,18.5856,62355,59458,105248,4.6,46027,,,1.22,,,,,18.297,226.36,,,17.7,15.3,,,,10.3,19.3,22.3,,,,,,,,,
Q4 1950,2086.2,1290.8,,,,,44.9,58.9,73.6,512.7,313.3,198.1,33.3,86.7,78.2,51.9,14,13.5,13.7,49.5,15.019,15.349,24.693,,29.5,18.9063,62261,59643,104982,4.2,46782,,,1.34,,,,,19.817,235.41,,,26.9,16,,,,11,19.6,21.3,,,,,,,,,
Q1 1951,2112.5,1322,,,,,27.9,61.8,73.6,567.5,329,209.4,35.6,92,81.8,51.7,10.4,15,14.9,57.3,15.572,15.839,25.697,,30.7,19.287,62082,59899,104692,3.5,47579,,,1.37,,,,,21.613,247.94,,,18.4,19.9,,,,11.5,19.4,20.8,,,,,,,,,
Q2 1951,2147.6,1284.7,,,,,40.6,67.9,71.2,645.6,336.6,205.1,30.7,91.4,83,50.1,14.8,17.1,15.2,64.7,15.675,15.967,25.947,,31,19.3471,61822,59899,104507,3.1,47958,,,1.49,,,,,21.8,242.64,,,31.5,12.6,,,,12.2,19.7,18.2,,,,,,,,,
Q3 1951,2190.4,1299.7,,,,,26.9,69.6,65.2,718.8,343.5,207.8,30.2,93.2,84.4,49.6,9.7,18.1,14.3,72.6,15.683,15.989,25.933,,30.7,18.8862,61938,59954,104543,3.2,48008,,,1.6,,,,,22.767,271.16,,,33.5,7.8,,,,12.3,20.2,17.2,,,,,,,,,
Q4 1951,2194.1,1307.3,,,,,11.6,68.9,63.5,758.9,347.9,211.8,30.4,95.5,85.9,49.6,4.7,18.2,14,77.6,15.858,16.201,26.317,,30.9,19.0164,62225,60114,104747,3.4,48155,,,1.61,,,,,23.16,269.23,,,32.8,8.7,,,,11.9,20.2,17.5,,,,,,,,,
Q1 1952,2216.2,1310.2,,,,,14.5,72.6,70.8,782.4,351.2,213.1,30.8,94.8,87.6,50.5,4.7,18.7,15,79.1,15.848,16.269,26.417,,30.8,19.4573,62191,60277,104863,3.1,48442,,,1.57,,,,,23.917,269.46,,,31.9,9.8,,,,12,20.4,18,1163.78,1249.75,312.08,85.97,,,,,
Q2 1952,2218.6,1335.9,,,,,-3.6,64.6,70.5,808.9,352.1,217.3,31,96.6,89.7,51.4,-1.5,16.6,14.6,83,15.872,16.265,26.487,,30.7,19.1768,61960,60108,105007,3,48516,,,1.65,,,,,23.95,274.26,,,29.1,5.8,,,,12.1,20.8,18.5,1183.74,1273.89,322.92,90.15,,,,,
Q3 1952,2233.5,1342.4,,,,,16,59.5,74.8,817,358.5,219.8,29.5,98.5,91.8,48.3,5.6,15.2,15.3,84.8,16.051,16.372,26.667,,30.7,19.7378,62099,60094,105345,3.2,48795,,,1.78,,,,,25.013,270.61,,,32.1,4.4,,,,12.2,17.7,18.5,1195.19,1288.35,324.35,93.16,,,,,
Q4 1952,2307.2,1389.8,,,,,16.1,59.9,81.5,831.6,371.4,227.9,33.7,100.3,93.9,51.9,5.3,15.3,16.3,87.3,16.095,16.399,26.697,,30.4,21.1506,62361,60611,105703,2.8,49859,,,1.89,,,,,25.11,291.9,,,31.5,6.9,,,,12.6,19.9,19.4,1196.22,1293.86,335.05,97.64,,,,,
Q1 1953,2350.4,1406.4,,,,,13,58.9,79.5,859.8,378.4,231.5,35.2,100.5,95.8,54,3.9,15.1,15.8,89.6,16.098,16.463,26.62,,30.3,21.5714,63539,61831,106672,2.7,50319,,,1.98,,,,,26.01,279.87,,,32,7.2,,,,13.1,21.2,19.7,1203.95,1303.9,340.55,99.94,,,,,
Q2 1953,2368.2,1414.9,,,,,12.8,59.3,83.6,878.7,382,233.3,35,100.6,97.7,54.6,3.6,15.2,16.4,91.8,16.129,16.488,26.72,,30.3,21.872,62948,61306,106905,2.6,50482,,,2.15,,2.43,2.81,3,24.5,268.26,,,32.3,6.6,,,,13.5,21.3,19.8,1202.61,1307.03,347.41,104.43,,,,,
Q3 1953,2353.8,1411.6,,,,,7.7,61.7,83.3,868.1,381.1,234,34.6,99.8,99.6,55.1,2.3,15.8,16.3,90.2,16.191,16.578,26.843,,30.4,21.892,62867,61151,107140,2.7,50463,,,1.96,,2.29,2.75,2.92,23.983,264.04,,,31.4,6.9,,,,13.7,22.1,19.2,1214.37,1321.41,357.5,107.04
Q4 1953,2316.5,1402.2,,,,,-6.7,59.6,79.2,865.4,375.9,233.5,33.7,100,99.8,54.4,-2,15.2,15.5,90.4,16.226,16.651,26.89,,30.4,20.86,62870,60536,107502,3.7,49950,,,1.47,,1.71,2.39,2.64,24.433,280.9,,,29.1,0.4,,,,14,21.4,18.9,1230.58,1340.96,356.09,110.38
Q1 1954,2305.5,1407.3,,,,,-5.9,56.9,74.6,842.2,375.2,235.5,32.9,101.3,101.3,53.5,-2,14.4,14.8,88.5,16.276,16.735,26.953,,30.4,20.1987,63629,60291,107877,5.3,49335,,1.17,1.06,,1.23,2.05,2.44,26.017,303.51,,,31.9,0.2,,,,13.9,20.6,19,1251.73,1361.89,357.64,110.16
Q2 1954,2308.4,1425.7,,,,,-9.5,65.1,81.3,812.5,376,238.3,33.6,101.3,103.3,54.6,-3.4,16.4,16.2,86.2,16.287,16.713,26.91,,30.5,20.1186,63651,59962,108177,5.8,49013,,0.8,0.79,,0.88,1.9,2.35,28.44,333.53,,,30.3,1.3,,,,13.9,20.4,20.3,1271.6,1386.13,361.96,114.53
Q3 1954,2334.4,1445,,,,,-7.6,63,76.4,792.9,380.8,240.7,33.2,102.2,105.3,56.8,-2.1,15.9,15.3,84.8,16.312,16.658,26.84,,30.4,20.2188,63739,59926,108443,6,48847,,1.03,0.88,,0.92,1.9,2.35,30.77,360.46,,,30.2,1.6,,,,13.9,21.1,21.8,1307.29,1424.69,371.55,117.39
Q4 1954,2381.2,1475.4,,,,,-2.7,65.9,77.1,788,389.4,245.5,35.1,103.4,107,58.1,-0.3,16.6,15.5,85,16.354,16.641,26.757,,30.3,20.7799,63669,60248,108786,5.3,49151,,0.99,1.02,,1.17,2.09,2.47,33.53,404.39,,,32.6,3,,,,13.8,21.1,23.2,1324.09,1446.74,379.8,122.65
Q1 1955,2449.7,1508.5,,,,,11.2,68.4,81.7,787.1,402.6,251.8,38.4,104.5,108.9,60.4,3.8,17.3,16.2,85.4,16.433,16.695,26.793,,30.4,21.902,63829,60815,109130,4.7,49701,,1.34,1.22,,1.52,2.39,2.65,36.297,409.7,,,33.5,6.5,,,,14.3,21.1,25,1344.02,1469.95,384.66,125.93
Q2 1955,2490.3,1537.3,,,,,16.6,66.8,86.3,779.3,410.9,256.9,40.7,106.1,110.1,63.5,4.6,16.9,17.1,86,16.499,16.712,26.757,,30.4,22.8538,64476,61643,109534,4.4,50516,,1.5,1.48,,1.85,2.57,2.76,38.38,451.38,,,35.9,10,,,,14.7,23.1,25.6,1379.56,1512.43,395.11,132.87
Q3 1955,2523.5,1556.3,,,,,15.1,71.2,87.8,784,419.4,261.1,42.4,106.9,111.8,65.7,4.3,18.1,17.4,87.6,16.621,16.779,26.777,,30.4,23.2045,65451,62753,109884,4.1,51120,,1.94,1.86,,2.25,2.81,2.95,43.153,466.62,,,37.4,8.6,,,,15.4,25,25.2,1417.85,1556.38,406.38,138.52
Q4 1955,2537.6,1575.9,,,,,20.8,71.5,90.9,767,426,265.1,41.4,109,114.7,66.6,7.2,18.3,18.1,86.7,16.787,16.825,26.857,,30.6,23.7555,66101,63311,110186,4.2,51609,,2.36,2.34,,2.53,2.83,2.91,44.143,488.4,,,37.3,11.6,,,,16.2,26.3,24.2,1436.74,1580.6,414.71,143.86
Q1 1956,2526.1,1578.5,,,,,17.6,74.9,94.8,766.6,428.3,266.7,39.7,110.5,116.5,66.6,6.4,19.4,18.9,88.2,16.954,16.895,26.86,,30.8,23.8457,66239,63561,110483,4,52146,,2.48,2.33,,2.56,2.84,2.9,45.357,511.79,,,38.4,12.7,,,,17.4,25.4,23.7,1478.79,1624.48,424.42,145.69
Q2 1956,2545.9,1583.7,,,,,12.2,79.9,94.3,782.7,434.2,269.4,39.8,111.3,118.3,67.8,3.6,20.9,19,91.4,17.053,17.009,27.037,,31.2,23.7456,66563,63765,110781,4.2,52488,,2.69,2.57,,2.87,3.08,3.08,46.953,492.78,,,39.9,11.1,,,,18,25.9,23.9,1484.95,1635.93,433.42,150.98
Q3 1956,2542.7,1587.3,,,,,9.5,82.6,95.1,775.3,439.2,272.6,39.7,112.4,120.5,68.9,3.6,21.8,19.3,91.5,17.272,17.175,27.317,,31.4,23.6152,66713,63950,111113,4.1,52395,,2.81,2.58,,3.07,3.33,3.27,48.037,475.25,,,41.4,12.2,,,,18.6,26.8,23.5,1500.04,1654.49,441.19,154.44
Q4 1956,2584.3,1609.2,,,,,8.4,86.3,90.7,795.4,448.1,278,41.5,113.7,122.8,69,2.2,23.1,18.5,94.3,17.339,17.276,27.55,,31.9,24.477,66634,63894,111431,4.1,52844,,2.93,3.03,,3.47,3.55,3.47,46.147,499.47,,,41.7,11.6,,,,18.7,27.2,23,1532.58,1691.73,446,159.15
Q1 1957,2600.2,1620.3,,,,,4.6,91.9,97.9,811.7,457.2,282.4,42.6,115.4,124.4,69.6,2.2,24.9,20.1,98.1,17.582,17.432,27.777,28.6,32.1,24.7074,66740,64098,111720,3.9,53047,,2.93,3.1,,3.39,3.44,3.4,44.31,474.81,,,41.5,10.9,,,,18.8,28.2,22.6,1539.18,1699.51,453.8,160.33
Q2 1957,2593.9,1623.2,,,,,6.5,89.2,98.7,806.7,459.2,284.7,42.2,116.5,126.1,69.3,2.7,24.4,20.3,98.4,17.702,17.542,28.013,28.833,32.4,24.3968,66798,64076,112049,4.1,53151,,3,3.14,,3.54,3.67,3.63,46.46,503.29,,,42.9,8.6,,,,19,28.1,22.2,1572.62,1737.97,461.54,165.34
Q3 1957,2618.9,1636.1,,,,,9.5,86.7,96.8,812.9,466.4,289.3,41.9,119.4,128.1,70.4,2.8,23.8,19.8,99.8,17.809,17.684,28.263,29.033,32.6,24.487,67035,64207,112447,4.2,53061,,3.23,3.35,,3.96,4.01,3.93,46.11,456.3,,,42.2,8.4,,,,19.1,29.3,22,1563.32,1731.78,468.97,168.47,,,,,
Q4 1957,2591.3,1636.9,,,,,-8.9,84.1,97.1,827.7,461.5,291,41.5,119.1,130.4,69.4,-4.5,23,19.6,102.3,17.81,17.775,28.4,29.267,32.9,23.455,67196,63879,112866,4.9,52569,,3.25,3.31,,3.59,3.63,3.63,40.64,435.69,,,38.7,2,,,,18.9,28.6,21.9,1568.31,1739.86,471.87,171.55,,,,,
Q1 1958,2521.2,1614.6,,,,,-11.1,75.8,98.6,818.4,453.9,290.5,39.4,119.9,131.3,64.5,-4,20.5,19.5,101.8,18.005,17.993,28.737,29.4,33.3,22.1324,67173,62950,113236,6.3,51651,,1.86,1.76,,2.16,2.77,3.04,41.497,446.76,,,37.2,-0.6,,,,18.1,25.5,20.9,1600.32,1771.13,468.58,170.81,,,,,
Q2 1958,2536.6,1627.9,,,,,-9.7,76.1,102.8,838.9,458,293.4,38.6,121.2,133.6,63,-4.2,20.5,20.1,105.4,18.057,18.026,28.93,29.533,33.2,21.7617,67739,62745,113532,7.4,50950,,0.94,0.96,,1.35,2.44,2.92,43.597,478.18,,,37.3,-5.8,,,,17.6,24.4,21,1625.42,1799.79,474.49,174.36,,,,,
Q3 1958,2596.1,1654.5,,,,,4.9,76.4,101.2,844.2,471.7,298.5,39.4,123,136,63.9,1.5,20.6,19.7,106.9,18.17,18.04,28.913,29.633,33.2,22.9139,67954,62979,113846,7.3,51259,,1.32,1.68,,2.39,3.25,3.5,47.547,532.09,,,41.3,-3.9,,,,17.3,24.1,22.5,1679.93,1857.68,484.42,177.75,,,,,
Q4 1958,2656.6,1676.4,,,,,13,76.1,106.5,862.2,485,302.3,40.7,124.1,137.5,68,5.2,20.6,20.8,109.7,18.256,18.034,28.943,29.8,33.2,23.9459,67814,63498,114283,6.4,51839,,2.16,2.69,,3.19,3.77,3.8,52.313,583.65,,,44.6,0.1,,,,17.6,25.5,24.9,1710.76,1894.37,494.02,183.61,,,,,
Q1 1959,2710.3,1707.4,,,,,10.4,81.2,109.3,856.6,495.5,310.1,43.6,126.1,140.3,72.3,3.9,21.8,21.4,108.8,18.281,18.159,28.993,29.933,33.2,24.9979,67884,63940,114714,5.8,52728,,2.57,2.77,3.12,3.5,3.99,3.99,55.513,601.71,,29.3,43.7,6.2,,,,17.4,27.1,27.8,1730.27,1916.44,493.87,186.17,,,40548,139.3,287.8
Q2 1959,2778.8,1733.7,,,,,26.5,83.9,114.6,869.7,508.5,316.1,45.5,127.2,143.5,74.9,7.3,22.6,22.5,110.2,18.299,18.231,29.043,30.1,33.2,26.2103,68265,64772,115139,5.1,53516,,3.08,3,3.37,3.92,4.32,4.26,57.507,643.6,,29.8,47.2,8.7,,,,18,28.1,28.8,1756.99,1950.22,504.3,193.23,,,40725,140.5,292.1
Q3 1959,2775.5,1751.8,,,,,3.2,86.5,115.6,880.6,509.3,321.3,46.3,128.2,146.8,76.1,0.4,23.5,22.9,111,18.35,18.34,29.193,30.233,33.2,25.1382,68505,64875,115551,5.3,53523,,3.58,3.54,4.13,4.6,4.68,4.5,58.73,631.68,,29.667,40.3,7,,,,18.6,29.1,28.3,1767.68,1966.94,513.74,199.26,,,40974,141.5,296.1
Q4 1959,2785.2,1753.7,,,,,15.6,84.2,112.7,871,513.2,323.4,44.1,129.5,149.8,75.2,4.1,23.1,22.5,110,18.427,18.44,29.37,30.433,33,25.2585,68783,64927,115905,5.6,53723,,3.99,4.23,4.64,4.92,4.83,4.58,57.763,679.36,,29.433,43.4,6.4,,,,18.5,29.2,27.5,1799.49,2005.63,521.65,206.15,,,40868,140.3,297.1
Q1 1960,2847.7,1770.5,,,,,38.8,94.8,117,853.9,527,326.9,45.5,129.6,151.9,77.9,11.2,26,23.3,108.2,18.505,18.465,29.397,30.567,33.2,26.7814,68770,65213,116708,5.1,54415,,3.93,3.87,4.22,4.57,4.64,4.49,56.277,616.59,,29.4,46.1,15.9,,,,19.4,30.2,28.4,1802.7,2009.91,534.68,207.22,,,40692,139.9,298.7
Q2 1960,2834.4,1792.9,,,,,11.1,100.8,117.8,860.8,526.2,332.8,46.4,132,154.4,76.5,3.2,27.6,23.5,109.5,18.564,18.562,29.573,30.633,33.4,26.2003,69713,66061,117037,5.2,54544,,3.7,2.99,3.29,3.87,4.3,4.26,56.07,640.62,,29.2,42,12.4,,,,19.5,30.9,26.1,1819.26,2033.17,539.38,213.91,,,40650,139.6,301.1
Q3 1960,2839,1785.8,,,,,15.6,98.2,114.4,881.5,529,332.8,45.9,131.6,155.3,74.4,4.3,27,22.9,113.3,18.632,18.633,29.59,30.6,33.4,25.7694,69912,66024,117411,5.5,54268,,2.94,2.36,2.71,3.07,3.67,3.83,55.72,580.14,,29.267,43.4,10.9,,,,19.4,29.6,25.3,1807.53,2025.98,546.06,218.45,,,40910,140.9,306.5
Q4 1960,2802.6,1788.2,,,,,-18.2,100.3,109,887.7,523.7,334.7,44.7,132.4,157.6,73.9,-5.8,27.5,21.7,115.1,18.684,18.716,29.78,30.767,33.7,25.1482,70239,65840,117824,6.3,53950,,2.3,2.31,2.63,2.99,3.75,3.89,55.333,615.89,,29.267,41.6,6.5,,,,20,28.6,25.3,1861.66,2085.5,547.88,223.83,,,41068,140.8,310.9
Q1 1961,2819.3,1787.7,,,,,-8.3,99.6,108.5,899.3,528,335.2,42.2,133.4,159.6,72.8,-2.5,27.5,21.7,116.7,18.727,18.751,29.84,30.833,33.6,24.7675,70523,65738,118254,6.8,53634,,2,2.35,2.54,2.87,3.64,3.79,62.003,676.63,,29.733,44.2,6.5,,,,19.9,27.6,25.3,1915.76,2140.44,546.24,224.68,,,40919,141.5,316.3
Q2 1961,2872,1814.3,,,,,7.2,98.2,109.8,901.4,539,340.2,43.3,134.2,162.6,74,1.8,27.4,21.9,117.6,18.769,18.749,29.83,30.933,33.3,25.7494,70532,65605,118636,7,53795,,1.73,2.3,2.49,2.94,3.62,3.79,65.983,683.96,,30.7,47.5,4.7,,,,19.6,28.8,25.5,1933.56,2164.21,557.2,230.65,,,40839,142.6,322.1
Q3 1961,2918.4,1823.1,,,,,23.8,97.7,117,919.1,549.5,343.1,44.6,134.6,163.9,75.7,6.7,27.2,23.3,120.1,18.827,18.817,29.947,31.067,33.3,26.571,70429,65667,119001,6.8,54270,,1.68,2.3,2.6,3.01,3.9,3.98,66.83,701.21,,31.367,51.8,6.9,,,,19.7,29.1,26.9,1967.99,2202.81,567.29,234.82,,,41208,143.4,327.6
Q4 1961,2977.8,1859.6,,,,,19.8,100.7,119.8,939.3,562.6,350.3,46.7,136.2,167.5,78.2,6,28.3,23.9,123.6,18.892,18.839,29.99,31.167,33.4,27.5028,70315,65967,119190,6.2,54712,,2.4,2.46,2.75,3.1,3.84,3.97,70.273,731.14,,32.133,53.6,9.2,,,,19.6,30.8,27.8,2019.78,2261.66,576.68,241.88,,,41762,144.7,333.3
Q1 1962,3031.2,1879.4,,,,,31.2,100.4,123.5,955.9,576.1,355.6,47.7,137.8,170.1,80,9.4,28.3,24.3,127.1,19.004,18.922,30.107,31.233,33.5,27.9135,70337,66380,119379,5.6,55118,,2.46,2.72,2.91,3.21,3.84,4.02,69.86,706.95,,32.667,57.6,7.2,,,,20,31.6,28.4,2032.33,2275.5,585.03,243.17,,,41866,145.6,340.2
Q2 1962,3064.7,1902.5,,,,,19.7,110.1,126.2,961.1,583.2,361.2,49,138.7,173.4,82.5,5.4,30.7,24.9,128.3,19.03,18.988,30.22,31.367,33.4,28.1841,70448,66577,119819,5.5,55624,,2.61,2.72,2.8,3.02,3.63,3.87,62.223,561.28,,32.6,56.7,7.1,,,,20.8,32.4,29.2,1930.78,2181.07,590.26,250.29,,,42183,146.6,347.4
Q3 1962,3093,1917.9,,,,,23,103.9,127.8,983,590,365.1,49.6,140,175.6,83.1,6.2,29,25.1,131.8,19.076,19.037,30.307,31.467,33.6,28.4846,70812,66881,120368,5.6,55854,,2.85,2.84,3,3.18,3.74,3.99,57.83,578.98,,32.7,56.2,8.6,,,,21.4,32.5,29.2,1969,2225.42,595.18,256.41,,,42475,146.5,352.8
Q4 1962,3100.6,1945.1,,,,,13.6,101.7,129.3,984.4,593.3,371.4,51.5,141.5,178.4,82.6,3.4,28.4,25.6,133.2,19.136,19.094,30.38,31.533,33.6,28.7251,70881,66969,121046,5.5,56041,,2.92,2.81,2.88,3,3.6,3.9,59.617,652.1,,33.3,56.3,7.7,,,,20.9,32.6,29.1,2073.4,2337.42,603.89,264.03,,,42839,147.3,359.9
Q1 1963,3141.1,1958.2,,,,,26.7,104.1,126.3,978.4,602.5,375,52.6,142.5,179.9,83.6,6.9,29.1,25.2,133.1,19.18,19.148,30.477,31.6,33.4,29.2561,71277,67149,121640,5.8,56223,,2.97,2.91,2.96,3.03,3.64,3.89,65.55,682.52,,33.933,56.7,9.4,,,,20.2,33.2,30.2,2118.41,2385.16,611.73,266.74,,,43151,148.8,367.9
Q2 1963,3180.4,1976.9,,,,,17.7,116.2,129.3,977.2,611.2,379.1,53.9,142.8,182.4,87.3,4.8,32.4,25.9,133.4,19.217,19.175,30.533,31.733,33.4,30.0276,71718,67635,122167,5.7,56618,,2.96,2.94,3.02,3.14,3.76,3.96,69.67,706.88,,34.6,58.3,11.8,,,,21.2,33.9,32.2,2147.64,2423.97,613.18,276.33,,,43603,150.2,375.9
Q3 1963,3240.3,2003.8,,,,,21.1,110,132.6,1019.1,623.9,386.1,54.7,145.2,186.2,89.3,5.7,30.6,26.7,139,19.255,19.266,30.72,31.867,33.4,30.228,71958,67996,122670,5.5,56928,,3.33,3.29,3.42,3.53,3.91,4.03,70.967,732.79,,34.867,58.1,11.8,,,,21.4,35.4,32.5,2185.93,2469.96,623.61,284.03,,,44182,151.7,383.6
Q4 1963,3265,2020.6,,,,,15.4,115.6,132.2,1009.8,633.5,390.7,55.7,145.3,189.7,92.3,5.1,32.2,26.8,139.9,19.402,19.338,30.803,32.033,33.5,30.739,72296,68258,123189,5.6,57300,,3.45,3.5,3.63,3.73,4.01,4.12,73.273,762.95,,35.3,62.3,11,,,,21.9,36.8,33.7,2178.45,2471.39,628.91,292.94,,,44730,153.2,391
Q1 1964,3338.2,2060.5,,,,,16.4,122.6,132,1013.5,649.6,400.4,58,148.7,193.7,95.5,5.1,34.2,27,141.3,19.46,19.431,30.93,32.2,33.5,31.1597,72584,68614,123708,5.5,57712,38.4,3.46,3.53,3.68,3.83,4.08,4.18,77.547,813.29,,35.867,66.6,8.3,,,,22.4,37.7,35.4,2221.86,2518.82,630.57,296.96,,,45175,154.2,397.5
Q2 1964,3376.6,2096.7,,,,,15.7,124.7,135,1020.1,658.9,408.4,59.5,151.5,197.4,96.1,4.5,34.8,27.7,142.9,19.512,19.476,30.98,32.233,33.5,31.8912,73234,69402,124203,5.2,58078,38.6,3.49,3.48,3.61,3.86,4.07,4.2,80.3,831.5,,36.433,70.8,3.6,,,,23.4,38.5,34.2,2265.28,2571.67,644.04,306.38,,,45693,155.2,404.3
Q3 1964,3422.5,2135.2,,,,,18.9,123.7,138.6,1020.7,670.5,417.3,61.4,154.9,201,97.8,4.7,34.8,28.4,144.4,19.59,19.541,31.05,32.3,33.6,32.4021,73138,69480,124739,5,58645,38.5,3.46,3.5,3.62,3.77,4.05,4.19,82.877,875.37,,37.067,69.1,7.7,,,,24.3,39.8,33.7,2307.78,2621.06,650.09,313.27,,,46422,157.8,413.5
Q4 1964,3432,2141.2,,,,,18,127.4,142.4,1017.8,675.6,419.8,59.4,155.8,204.7,99.6,5,36.2,29.3,144.3,19.686,19.607,31.193,32.467,33.6,32.8931,73353,69710,125289,5,59144,38.6,3.58,3.68,3.83,3.93,4.07,4.17,84.75,874.13,,37.5,72.4,9.5,,,,24.8,40.9,33.8,2348.48,2670.54,662.79,322.06,,,47030,159.8,422
Q1 1965,3516.3,2188.8,,,,,41.4,113.6,137.3,1015.3,695.7,430.5,64.9,157.8,207.9,104.1,11.5,33.1,28.5,144.9,19.785,19.67,31.29,32.6,33.7,34.1355,73792,70188,125814,4.9,59795,38.7,3.97,3.89,3.98,4.01,4.13,4.2,86.567,889.05,,38.1,74.6,13.7,,,,26.1,44.1,33.9,2388.97,2714.68,669.9,325.71,,,47455,161,430.4
Q2 1965,3564,2213,,,,,29.8,135,153.5,1028.4,708.1,437.5,64.8,160.8,211.9,107.3,8.6,39.1,31.7,147.4,19.87,19.768,31.49,32.7,34.1,34.927,74369,70897,126325,4.7,60480,38.7,4.08,3.87,3.93,4.02,4.15,4.21,87.43,868.03,,38.433,75.4,13.2,,,,28.2,44.9,34.2,2380.82,2716.08,675.36,335.26,,,47860,162,437.5
Q3 1965,3636.3,2251,,,,,33.5,127.2,154.1,1064,725.2,446.6,66.7,164.1,215.9,110.4,9.3,36.9,32,154,19.943,19.842,31.583,32.733,34.2,35.6584,74626,71369,126745,4.4,61227,38.6,4.07,3.87,3.97,4.08,4.2,4.25,86.927,930.58,,38.667,81.4,6,,,,28.5,47.5,34.3,2456.21,2798.39,681.29,342.18,,,48482,163.9,446.1
Q4 1965,3724,2314.3,,,,,26.9,136.5,161.6,1086.9,747.5,460.6,69.1,170.5,220.9,114.2,7.6,39.5,33.9,159.6,20.071,19.902,31.75,32.9,34.5,36.3798,74909,71827,127169,4.1,62012,38.6,4.17,4.17,4.33,4.46,4.51,4.47,91.757,969.26,,39.467,80.5,6.1,,,,30.4,49.3,34.5,2531.84,2883.36,696.53,351.52,,,49294,166.8,455.8
Q1 1966,3815.4,2348.5,,,,,47.1,134.1,165.8,1106.4,770.8,471,72.3,174.1,224.6,117.9,13.9,39.4,35,163.6,20.201,20.057,32.047,33.067,34.9,37.4218,75072,72173,127511,3.9,62838,38.7,4.56,4.61,4.77,4.93,4.92,4.77,91.63,924.77,511.45,39.967,80.8,12.7,,,,31.1,51.9,34.8,2533.26,2888.22,696.3,354.96,,,50025,169.7,464.6
Q2 1966,3828.1,2354.5,,,,,45.4,139.9,169.9,1126,779.9,476.1,69.7,177.2,229.2,118.4,12.3,41.5,36.2,167.9,20.374,20.222,32.337,33.4,35,38.2033,75477,72594,127869,3.8,63752,38.6,4.91,4.59,4.73,4.93,4.9,4.78,88.147,870.1,485.44,39.733,80.2,11.4,,,,31.2,54,33.2,2557.36,2921.65,726.28,364.29,,,50595,171.6,470.2
Q3 1966,3853.3,2381.5,,,,,40.4,134.7,179.4,1156.5,793.1,485.3,72.3,179.8,233.2,118.3,11.9,40.4,38.2,175.5,20.584,20.378,32.617,33.7,35.4,38.7944,75946,73088,128234,3.8,64484,38.4,5.41,5.04,5.33,5.51,5.39,5.14,81.433,774.22,436.7,39.033,80.6,9.5,,,,31.9,54.5,31.9,2520.39,2888.62,728.83,368.23,,,51054,171,473
Q4 1966,3884.5,2391.4,,,,,55.6,139.1,181.4,1175.3,806.9,491.1,72.6,180.4,238.1,116.1,16.5,42.4,38.8,179.6,20.773,20.536,32.883,34.033,35.5,39.1651,76483,73657,128617,3.7,65024,38.3,5.56,5.21,5.41,5.44,5.21,5,79.817,785.69,462.28,38.533,87.5,6.5,,,,31.2,55.7,29.2,2606.11,2980.8,749.18,374.7,,,51396,171.5,477.7
Q1 1967,3918.7,2405.3,,,,,51.4,141.8,184.3,1225.2,817.8,495.4,71.1,182.4,241.9,113.9,15.4,44,39.4,188.5,20.868,20.597,32.967,34.233,35.3,38.9493,76496,73572,129044,3.8,65455,38,4.82,4.51,4.52,4.6,4.66,4.58,87.077,865.98,523.61,38.5,89.8,-2,,,,31.7,53.9,28.3,2712.12,3086.38,753.59,374.26,,,52181,173.2,485.5
Q2 1967,3919.6,2438.1,,,,,23.2,140.5,182.8,1218.5,822.3,504.6,74.5,184,246,117.3,6.3,43.5,39,189.6,20.98,20.694,33.167,34.5,35.5,38.7906,76940,74001,129527,3.8,65612,37.8,3.99,3.66,3.86,4.25,4.76,4.82,91.66,860.26,531.54,38.933,85.9,-3.5,,,,30.9,54.8,31.6,2744.9,3126.82,763.02,381.92,,,52689,175.6,497.1
Q3 1967,3950.8,2450.6,,,,,30.8,137.1,185.2,1231.2,837,511.8,74.7,185.8,251.3,119.2,9.3,42.4,39.5,193.8,21.185,20.885,33.5,34.867,35.8,39.0574,77663,74714,130166,3.8,66064,37.8,3.89,4.3,4.84,5.13,5.31,5.25,94.437,926.66,567.92,39.867,90.2,-2.1,,,,31.5,54.3,33.4,2827.99,3216,774.72,388.01,,,53394,179.5,510.6
Q4 1967,3981,2465.7,,,,,30.1,141,195,1239.6,852.7,519.4,75.6,187.9,255.8,124.5,8.4,43.9,41.7,198.2,21.419,21.063,33.867,35.233,35.9,40.1025,78292,75216,130757,3.9,66609,37.8,4.17,4.75,5.27,5.56,5.7,5.64,94.54,905.11,569.18,40.433,93.9,-1.6,,,,32,56.5,36,2901.21,3299.05,794.45,397.84,,,54288,182.4,521.4
Q1 1968,4063,2524.6,,,,,27.3,145.1,206.5,1261.3,879.8,537.3,80.9,193.5,263,128.8,8.4,45.5,44.4,204.1,21.653,21.284,34.2,35.667,36.2,40.675,78021,75103,131267,3.7,67105,37.7,4.79,5.05,5.25,5.47,5.63,5.61,91.627,840.67,529.22,41.033,87.5,1.1,,,,33.1,58.8,36.9,2900.09,3300.81,817.91,400.72,,,55166,184.8,530.3
Q2 1968,4132,2563.3,,,,,48.9,148,209.6,1267.1,904.1,551.1,83.1,197.8,270.3,129.3,14.1,47.4,45.4,207.6,21.88,21.501,34.533,36.033,36.5,41.2233,78746,75950,131712,3.6,67704,37.7,5.98,5.52,5.65,5.94,5.86,5.74,98.023,897.8,592.97,41.033,91.9,0.7,,,,33.2,58,38.2,3037.23,3450.31,836.3,413.09,,,55962,188,539.1
Q3 1968,4160.3,2611.5,,,,,26.1,156.7,222.2,1269.7,919.3,567.3,87.5,202.8,276.9,132,7.7,49.5,48.2,210.9,22.096,21.723,35,36.533,36.8,41.5432,78880,76101,132250,3.5,68314,37.7,5.94,5.2,5.3,5.51,5.53,5.46,99.917,935.79,610.1,41.333,82.3,8.8,,,,33.2,59.9,38.9,3091.71,3512.37,849.66,420.66,,,56921,191.7,549.5
Q4 1968,4178.3,2623.5,,,,,21,154.7,220.3,1270.8,936.2,576.2,87.8,205,283.4,138.3,6,49.2,48.2,214.6,22.407,21.965,35.433,37.067,37.1,42.174,79195,76499,132880,3.4,68983,37.6,5.92,5.59,5.69,5.84,5.78,5.77,105.213,943.75,622.79,41.967,84.5,9.7,,,,34.8,62.6,40.9,3255.32,3689.11,889.81,433.78,,,57907,195.8,562.3
Q1 1969,4244.1,2652.9,,,,,37,136.1,199.6,1272,960.9,588.4,90,208.8,289.6,144.2,11.5,44,43.8,216.5,22.64,22.181,35.867,37.567,37.3,42.9945,79874,77166,133476,3.4,69681,37.6,6.57,6.09,6.25,6.36,6.33,6.18,100.933,935.48,601.12,42.2,78.6,21.8,,,,35.8,65.2,43.2,3263.58,3696.53,914.76,432.95,,,58838,199.3,571.9
Q2 1969,4256.5,2669.8,,,,,31.2,166.7,238.9,1266.7,976.1,599.8,90.4,212.2,297.1,146.4,9.2,53.9,52.7,219.4,22.932,22.466,36.433,38.167,37.8,43.1822,80367,77605,134020,3.4,70345,37.6,8.33,6.2,6.34,6.57,6.53,6.35,101.673,873.19,572.36,41.933,79.3,19.1,,,,36.7,66.4,43.4,3259.12,3703.12,933.03,444,,,59469,200.9,576.9
Q3 1969,4283.4,2682.7,,,,,34.9,162.7,235.8,1268.5,996.3,610.1,90.6,216,303.5,150.1,10.2,53.3,52.4,224.9,23.26,22.743,36.933,38.7,38.2,43.7005,81074,78153,134595,3.6,70884,37.5,8.98,7.02,7.25,7.65,7.2,6.86,94.467,813.09,546.56,41.233,88.8,13.9,,,,38.9,68,43.2,3273.25,3723.34,945.15,450.09,,,60069,201.8,580.6
Q4 1969,4263.3,2704.1,,,,,18,168.3,233.2,1249.8,1004.5,622.1,90.8,219.7,311.5,148.3,5.8,56.5,53.1,224.9,23.561,23.007,37.5,39.233,38.7,43.4266,81505,78575,135247,3.6,71149,37.5,8.94,7.35,7.6,7.9,7.67,7.3,94.28,800.36,544.86,40.5,84.2,11.2,,,,39.4,68.2,40.7,3280.01,3741.39,968.82,461.39,,,61144,203.5,585.6
Q1 1970,4256.6,2720.7,,,,,3.9,169.8,232.5,1243.1,1017.1,633.2,89.6,224.5,319.1,148.8,1.8,56.9,53.5,229.8,23.895,23.273,38.1,39.833,39.1,42.3744,82210,78780,135950,4.2,71310,37.3,8.57,7.21,7.19,7.55,7.73,7.37,88.707,785.57,527.31,39.233,80.9,5.7,,,,39.5,68.7,40.7,3294.08,3747.88,973.68,453.8,4267816,1.00264,61976,205.6,587.7
Q2 1970,4264.3,2733.2,,,,,16.7,177.2,237.1,1227.1,1033.1,643.1,91,226.5,325.6,148.8,5.1,60.6,55.2,230.6,24.226,23.531,38.633,40.567,39.1,42.1413,82565,78636,136676,4.8,71166,37,7.88,6.68,6.83,7.45,7.77,7.71,79.2,683.53,418.51,38.633,95,-8.5,,,,40.3,69.1,39.4,3203.66,3663.89,1006.55,460.23,4306727,1.00995,62940,207.2,591.7
Q3 1970,4302.3,2757.1,,,,,16.2,176.6,236.5,1232.4,1050.5,655.1,92,229.7,333.4,151,5.1,60.3,56.4,235.5,24.417,23.76,39.033,41.1,39.3,41.9904,82912,78616,137456,5.2,70979,36.9,6.7,6.33,6.51,6.94,7.48,7.46,78.74,760.68,487.87,38.867,99,-12.6,,,,40.6,70,40.4,3322.66,3789.57,1005.85,466.9,4347600,1.01053,63752,209.9,605.1
Q4 1970,4256.6,2749.6,,,,,-14.3,178.3,240.2,1232.4,1052.7,661.8,87.3,234.5,340,152.9,-4,61.1,57.9,238.8,24.73,24.068,39.6,41.767,39.7,41.0827,83498,78643,138260,5.8,70573,36.8,5.57,5.35,5.51,5.65,6.51,6.85,86.233,838.92,531.12,39.1,96.6,-18.1,,,,40.8,67.1,45,3439.02,3914.59,1025.18,475.57,4387441,1.03074,64630,213.7,621.3
Q1 1971,4374,2802.2,,,,,38.5,178.9,237.4,1212.4,1098.1,680.8,98.1,235.8,346.9,159,12.3,63.1,58.7,241.6,25.104,24.296,39.933,42.167,40.1,41.8748,83676,78717,139033,5.9,70843,36.7,3.86,3.84,3.92,4.05,5.48,6.02,96.733,904.37,586.21,40.5,107.3,-18.9,,,,41.5,68.9,48.6,3595.62,4073.99,1051.89,478.37,4426549,1.01201,65987,217.2,641.3
Q2 1971,4398.8,2827.9,,,,,33,178.6,255.3,1208.5,1118.8,694.9,101,238.8,355,167.9,10.9,63.1,63.3,245.3,25.433,24.572,40.3,42.6,40.5,42.2541,83929,78961,139827,5.9,71179,36.8,4.56,4.25,4.45,4.99,6.15,6.25,101.467,891.14,582.51,41.467,114.7,-24.4,,,,42.3,71,54.6,3652.84,4145.6,1078.47,492.76,4466266,1.01534,67241,221.8,666
Q3 1971,4433.9,2850.4,,,,,31.5,185.9,260.9,1207.8,1139.1,707.3,103.4,240.4,363.4,173.2,10.2,65.4,65.5,248.5,25.689,24.813,40.7,42.967,40.6,42.3844,84581,79511,140602,6,71435,36.7,5.47,5.01,5.27,5.75,6.51,6.48,98.547,887.19,574.47,41.933,115.9,-23,,,,43.1,71.7,58.3,3699.17,4204.62,1104.25,505.45,4504898,1.01601,68440,225.7,685.9
Q4 1971,4446.3,2897.8,,,,,-3,170.3,243.2,1198.8,1151.4,723.5,107.3,243.6,372.6,179.5,-0.3,60.3,61.9,250.3,25.896,24.967,41,43.2,40.9,43.3668,85318,80229,141402,5.9,71865,36.9,4.75,4.23,4.4,4.73,5.8,5.89,96.413,890.2,596.68,42.667,116.7,-22.6,,,,43.8,74.2,61.5,3805.96,4327.58,1127.81,521.62,4542723,1.02169,68868,227.8,704.4
Q1 1972,4525.8,2936.5,,,,,10.8,188.4,278.8,1203.1,1190.1,740.9,110.7,247,383.1,189.9,3.2,68.6,72.2,259.6,26.297,25.23,41.333,43.567,41.2,45.198,86208,81213,143005,5.8,72681,36.9,3.54,3.44,3.8,4.41,5.72,6.03,105.41,940.7,631.04,44.133,113.8,-13.8,,,,45.8,77.6,66.6,3955.76,4484.92,1171.3,529.16,4579515,1.01187,70347,232.2,725.6
Q2 1972,4633.1,2992.6,,,,,38,182.9,268.9,1210.6,1225.6,759.4,114.1,254.3,391,194.5,12,67.2,71.4,263.9,26.452,25.376,41.6,43.9,41.5,46.0697,86810,81875,143758,5.7,73463,36.9,4.3,3.77,4.23,4.84,5.98,6.14,108.157,929.03,627.13,44.733,109.1,-9.5,,,,46.6,79.7,68.2,4001.55,4550.31,1192.46,548.75,4614736,0.99604,71458,236,743.8
Q3 1972,4677.5,3038.8,,,,,39,193.9,274.5,1185.6,1249.3,777.9,117.6,260.1,400.3,198.6,13.7,71.5,74.1,261.6,26.708,25.6,41.933,44.233,42,46.6749,87351,82450,144523,5.6,74038,36.8,4.74,4.22,4.73,5.15,6.08,6.29,109.203,953.27,640.77,46,117.5,-7,,,,47.3,81.8,69.6,4110.43,4674.78,1232.56,564.35,4648809,0.99387,72593,241,768.8
Q4 1972,4754.5,3110.1,,,,,14.9,202.2,286.8,1193.1,1286.6,802.7,123.4,268.1,411.2,210.9,7.5,76.1,79.2,268.6,27.06,25.81,42.367,44.467,42.3,48.2744,87675,83002,145215,5.4,74969,36.9,5.14,4.86,5.17,5.44,6.15,6.37,114.037,1020.02,681.79,47.233,137.1,-6.7,,,,49,87.6,74.3,4348.43,4931.07,1290.79,582.64,4684509,0.98528,74394,246.9,794.4
Q1 1973,4876.2,3167,,,,,23.1,217,300.1,1204.8,1335.1,827.3,131.8,275.5,420,222,10.6,84,85.4,276.7,27.38,26.123,43.033,44.8,43.6,49.6664,88232,83842,145964,4.9,75974,36.9,6.54,5.7,5.99,6.31,6.58,6.6,115,951.01,629.98,47.733,136.4,3.7,,,,51.3,92.8,77.9,4357.039,4951.33,1322.92,594.29,4724554,0.9689,76249,251.8,813.2
Q2 1973,4932.6,3165.4,,,,,52.9,227.4,291.4,1197.6,1371.5,842.9,131.3,281.4,430.2,227.8,18.2,91.9,89.5,280,27.804,26.629,43.933,45.267,45.1,50.0527,89181,84797,146719,4.9,76663,36.9,7.82,6.6,6.79,7.02,6.72,6.81,107.413,891.71,579.86,47,143.2,0.5,,,,54.1,98,75.8,4382.797,4996.61,1369.86,613.81,4765486,0.96612,77399,254.8,826.6
Q3 1973,4906.3,3176.7,,,,,23.2,228.2,283.4,1182.3,1390.7,861.4,130.8,289.9,440.6,232,9.8,97.6,91.1,281.1,28.346,27.115,44.8,45.733,46.4,50.5005,89650,85330,147478,4.8,77119,36.9,10.56,8.32,8.41,8.51,7.34,7.21,105.08,947.1,618.67,46.233,147.9,3.9,,,,56.8,100.1,75,4575.297,5207.36,1430.37,632.06,4807072,0.97978,78876,257.7,838.2
Q4 1973,4953.1,3167.4,,,,,56.8,239.4,285.5,1191,1431.8,876.5,128.2,297.7,450.6,232.6,25,107.6,98.7,288.8,28.907,27.671,45.933,46.5,47.2,51.2507,90579,86236,148225,4.8,77850,36.8,10,7.5,7.61,7.41,6.83,6.75,102.217,850.86,547.93,45.467,162.7,7.4,,,,57.7,102.2,72.7,4518.227,5167.32,1472.58,649.09,4848318,0.97885,80575,261,849
Q1 1974,4909.6,3139.7,,,,,26.4,242.5,275.8,1215.9,1446.5,894.7,126.7,308.9,459.2,231.5,12.5,116.7,110.3,301.4,29.463,28.495,47.3,47.233,49.6,50.785,91379,86709,148987,5.1,78217,36.6,9.32,7.62,7.48,7.35,7.03,7.05,95.667,846.68,530.91,44.2,153.2,2.9,,,,59,103.6,69,4538.449,5191.62,1462.56,653.16,4888706,0.99574,82342,265.3,864.7
Q2 1974,4922.2,3150.6,,,,,37,254.3,290.4,1224.1,1484.8,923.2,130.6,318,474.6,234.9,17.4,126.7,129.4,312,30.166,29.302,48.567,48.467,51.1,50.8354,91584,86834,149747,5.2,78511,36.5,11.25,8.15,8.28,8.69,8.07,7.54,90.64,802.41,474.76,43.133,139.7,-0.8,,,,61.3,106.1,67.5,4500.617,5174.57,1461.7,673.95,4930102,1.00161,84316,267.8,875.1
Q3 1974,4873.5,3163.6,,,,,12.7,240.5,285.4,1225.9,1513.7,952,136.3,327.7,488,239.9,5.6,126.6,133.6,323.2,31.059,30.092,49.933,50.133,53.6,50.621,92253,87079,150498,5.6,78622,36.5,12.09,8.19,8.53,9.01,8.46,7.96,75.657,607.87,353.69,41.233,133.3,-1.3,,,,61.4,111.1,67.4,4419.809,5111.52,1475.51,691.71,4969970,1.01979,85930,270.1,884.5
Q4 1974,4854.3,3117.3,,,,,40.2,246.8,282.5,1230.2,1552.8,961.8,127.1,330.9,503.8,235.4,20.4,136.6,136.6,335.1,31.987,30.855,51.467,51.6,56,48.6444,92688,86588,151253,6.6,78181,36.2,9.35,7.36,7.46,7.67,7.65,7.67,69.417,616.24,382.03,39,147,-21.5,,,,63.2,112.1,60,4557.789,5262.62,1517.44,704.82,5009836,1.03204,87030,273.4,898
Q1 1975,4795.3,3143.4,,,,,-15.4,248.6,254.2,1245.2,1569.4,988.1,131.8,336.2,520.1,228.7,-10,141.4,124.9,346.2,32.729,31.433,52.567,52.7,56.6,45.4366,93023,85357,151986,8.3,76955,35.9,6.3,5.75,5.87,6.31,7.27,7.54,78.813,768.15,467.46,38.233,145.9,-47.9,,,,61.7,109.3,57.7,4825.039,5529.06,1582.8,704.03,5046958,1.05248,88288,275.1,915.1
Q2 1975,4831.9,3195.8,,,,,-29.6,241.3,233.8,1235.7,1605,1016.8,136.7,344.8,535.3,230.7,-14,136.8,115.2,349.8,33.216,31.818,53.2,53.533,57.5,44.824,93619,85332,152707,8.9,76535,35.9,5.42,5.39,5.73,6.53,7.74,8.05,89.073,878.99,537.67,39.833,194,-103.2,,,,60.4,110.4,59.9,5065.648,5783.81,1642.05,718.16,5081680,1.05169,89848,279.3,948.7
Q3 1975,4913.3,3241.4,,,,,-5.8,237.3,253.3,1257.4,1662.4,1050.6,146.8,356,547.9,239.2,-1.4,134.1,122.1,362,33.835,32.413,54.267,54.233,58.9,45.9441,94128,86136,153579,8.5,77051,36,6.16,6.33,6.79,7.52,8.21,8.3,87.623,793.88,470.43,41.233,175.1,-60.1,,,,61.3,113.3,64.6,5025.508,5762.79,1642.36,737.28,5121195,1.04231,91731,284.5,983.2
Q4 1975,4977.5,3275.7,,,,,-0.3,250.7,266.8,1268,1713.9,1079.6,153.4,359.7,566.5,247.3,0.3,142.5,128.7,372.9,34.433,32.958,55.267,55.167,60,46.9447,94309,86497,154337,8.3,77744,36.1,5.41,5.63,5.97,6.68,7.84,8.06,89.113,852.41,503.73,42.133,183.6,-61.5,,,,62,116.6,68.7,5184.859,5945.79,1684.2,760.93,5156825,1.03603,93236,286.4,1007
Q1 1976,5090.7,3341.2,,,,,31.8,249,283.5,1271.2,1771.9,1113.4,163.3,367.4,582.6,260.1,14.7,143.6,138.9,379.1,34.807,33.323,55.9,56.2,60,48.393,95049,87686,155075,7.7,78791,36.2,4.83,4.92,5.26,5.98,7.47,7.75,99.527,999.45,579.44,43.867,184.2,-48.6,,,,64.1,119.8,76.2,5393.367,6164.04,1717.89,770.67,5192471,1.01999,95035,290.6,1039
Q2 1976,5128.9,3371.8,,,,,47.1,251.5,295.8,1257.3,1804.2,1133,165.9,373.1,594.1,269.1,22.4,146.6,147.1,380.1,35.178,33.603,56.4,56.967,60.4,49.0043,95826,88591,155773,7.6,79327,36.1,5.2,5.16,5.52,6.28,7.48,7.77,101.62,1002.78,589.06,44.633,180.4,-43.5,,,,65.1,123.4,80.7,5568.207,6365.29,1789.86,797.07,5224353,1.01861,97154,295.6,1070.2
Q3 1976,5154.1,3407.5,,,,,43.9,258.8,307.9,1250.7,1837.7,1162.4,169.8,380.6,612,275.7,20.8,151.8,155.8,382.8,35.655,34.114,57.3,57.9,60.9,49.6182,96626,89163,156527,7.7,79714,36,5.28,5.15,5.41,6.01,7.31,7.73,104.313,990.19,594.56,45.533,180.9,-47.2,,,,66.7,128.4,80.6,5672.738,6495.07,1826.61,822.33,5256422,1.01985,98856,298.6,1098.6
Q4 1976,5191.5,3451.8,,,,,14.2,261.4,318,1249.7,1884.5,1196.2,175.5,389.6,631.1,294.4,10.5,156.1,162.7,390,36.3,34.653,58.133,58.7,61.9,50.5132,97102,89570,157222,7.8,80197,35.9,4.87,4.67,4.82,5.23,6.46,7.19,102.58,1004.65,612.01,46.233,174.9,-45.8,,,,67.8,134.1,92.5,5836.359,6686.89,1880.05,850.52,5288225,1.01863,100824,303.9,1138.4
Q1 1977,5251.8,3491.3,,,,,24,257.2,333.1,1261,1938.5,1231.7,183.9,396.5,651.3,311.8,14.8,155.4,176.4,401.3,36.911,35.278,59.2,59.667,63.1,51.5693,97703,90359,157911,7.5,81023,35.8,4.66,4.63,4.87,5.42,6.78,7.35,101.78,919.13,566.01,47.133,168.2,-37.6,,,,69.7,144.5,97.6,5930.77,6797.98,1949.31,867.21,5322833,1.01353,102743,311.2,1177.1
Q2 1977,5356.1,3510.6,,,,,40.2,264.1,336.2,1274.1,2005.2,1259.7,189.2,403.7,666.7,335.4,19.5,161.9,183,411.8,37.438,35.882,60.233,60.633,64.3,53.1335,98696,91661,158652,7.1,82102,36,5.16,4.84,5.07,5.69,6.83,7.37,99.033,916.3,582.61,47.933,192.9,-29.5,,,,73.6,150.1,111.7,6111.078,7016.74,2047.65,905.65,5360889,1.00089,104631,317.3,1208.8
Q3 1977,5451.9,3544.1,,,,,71.1,266.2,331.5,1276.5,2066,1290.9,194,409.9,687,347.5,30.9,162.3,182.9,417.3,37.894,36.423,61.067,61.5,65.2,53.7497,99244,92409,159430,6.9,83147,35.9,5.82,5.5,5.76,6.28,6.97,7.36,98.053,847.11,558.4,48.333,214.2,-31.6,,,,76.4,156.1,115,6241.879,7185.79,2125.26,943.92,5399283,0.99035,107167,322.3,1236.6
Q4 1977,5450.8,3597.5,,,,,37.1,257.6,336.2,1272.3,2110.8,1329.1,200.7,423.6,704.8,361.4,24.1,157.8,187.4,425.8,38.725,36.945,61.967,62.333,66.3,54.1021,100294,93639,160140,6.7,84125,35.9,6.51,6.11,6.41,6.96,7.38,7.6,93.947,831.17,555.12,48.567,216.4,-33.2,,,,78.5,165.9,116.9,6387.438,7369.06,2211.55,981.62,5436579,0.99739,109545,328.6,1262.2
Q1 1978,5469.4,3618.5,,,,,43.2,263.7,358.7,1274.4,2149.1,1359.1,198.2,431.1,729.8,371.3,25.5,164.6,203.3,431.9,39.292,37.559,63.033,63.433,67.4,53.9258,100934,94553,160829,6.3,85001,35.6,6.76,6.39,6.69,7.31,7.82,8.01,89.35,757.36,527.1,48.4,216.1,-31.7,,,,80,170.3,121,6538.75,7543.14,2286.97,1004.39,5471918,1.00046,112226,335.6,1285.8
Q2 1978,5684.6,3695.9,,,,,42.5,291.2,359.9,1308.8,2274.7,1416.7,216.2,444.8,755.7,406.6,24.3,186.2,208.8,449.7,40.016,38.332,64.467,64.733,69.1,56.0591,101947,95835,161525,6,86541,35.8,7.28,6.48,6.99,7.79,8.17,8.32,95.927,818.95,567.39,49.2,219,-4.8,,,,90.3,185.8,130.6,6799.898,7853.88,2392.93,1053.98,5512661,0.96975,114390,343.9,1309.8
Q3 1978,5740.3,3711.4,,,,,44.8,294.4,364.6,1319.3,2335.2,1447.7,216.7,455.6,775.4,426.4,25,191.3,215.1,459.9,40.681,39.007,65.967,66.133,70.6,56.5952,102568,96397,162265,6,87435,35.8,8.1,7.31,7.6,8.45,8.43,8.49,101.657,865.82,610.95,49.3,229.3,-5.9,,,,98.6,192,135.8,7055.637,8158.08,2484.73,1102.44,5554904,0.9677,117096,349.8,1334.2
Q4 1978,5816.2,3741.3,,,,,51.9,306.1,369.6,1331.2,2416,1487,222.3,469.4,795.3,444.3,28.5,205.4,221.8,472.7,41.54,39.745,67.5,67.6,72.1,57.6162,103484,97400,163024,5.9,88340,35.7,9.58,8.57,9.05,9.82,8.84,8.82,97.133,805.01,566.96,49.167,236.1,1.5,,,,105.5,199.8,139,7215.449,8360.18,2578.28,1144.73,5599115,0.96268,119741,355.3,1359.1
Q1 1979,5825.9,3760.2,,,,,39.8,306.3,368.6,1319.2,2463.3,1522.6,223.3,484.6,814.7,457.3,23.9,211.7,229.8,477.8,42.282,40.492,69.2,69.167,74.4,57.8538,104383,98252,163756,5.9,89115,35.7,10.07,9.38,9.45,10.3,9.18,9.11,99.35,862.18,604.08,48.767,241,5.8,,,,107.9,210.9,138.5,7522.969,8696.1,2704.9,1173.13,5641357,0.96832,121614,360.3,1379.1
Q2 1979,5831.4,3758,,,,,44.9,307.1,370.6,1333.2,2526.4,1563.2,222.1,500.1,841,465.6,27.4,220.9,243.1,492.5,43.325,41.597,71.4,70.8,76.2,57.7729,104327,98371,164447,5.7,89772,35.5,10.18,9.38,9.36,9.94,9.11,9.11,101.177,841.98,617.29,48.2,233.6,3,,,,112.8,212.1,140.6,7788.789,9010.43,2833.21,1221.64,5682759,0.97451,123647,370.3,1411.8
Q3 1979,5873.3,3794.9,,,,,17,318.2,364.9,1335.1,2599.7,1617.7,230.9,522.3,864.4,485.7,12.1,234.3,257.3,507.2,44.263,42.627,73.7,72.633,78.4,57.5642,105209,99041,165200,5.9,90278,35.6,10.95,9.67,9.64,10.15,9.12,9.1,106.223,878.58,658.11,47.6,228.9,-0.7,,,,121.8,220.5,143.5,8079.707,9351.61,2937.6,1271.91,5729632,0.97554,127066,378.4,1445.2
Q4 1979,5889.5,3805,,,,,10.3,338.2,372.9,1343.8,2659.4,1661.2,229,539.4,892.8,491,8.6,253.7,280.5,525.5,45.155,43.658,76.033,74.833,81.3,57.7845,105923,99637,166055,6,90574,35.6,13.58,11.84,11.77,12.27,10.66,10.45,105.303,838.74,655.04,46.533,237.6,-12,,,,128.3,221.3,141.4,8320.777,9638.62,3026.47,1317.84,5779898,0.98139,130323,381.1,1466.7
Q1 1980,5908.5,3798.4,,,,,13.4,347.7,373.2,1365.4,2724.1,1708,232.1,559.9,916,495.3,9.9,268.5,304.3,546.7,46.105,44.965,79.033,77.6,84.5,58.0225,106567,99862,166762,6.3,90890,35.4,15.05,13.35,13.24,13.93,12.27,11.99,110.3,785.75,609.58,45.767,231.3,-23,,,,132.6,228.8,134,8493,9841.2,3142.95,1348.2,5828784,0.98651,132797,388.1,1492.4
Q2 1980,5787.4,3712.2,,,,,11.4,354.2,346.1,1369.7,2728,1710,211.9,565.9,932.2,462.7,7.8,277.4,292.6,562.7,47.137,46.065,81.7,80.2,86.7,55.58,106767,98953,167416,7.3,90452,35.1,12.69,9.62,9.61,10.28,10.33,10.48,108.403,867.92,690.89,43.533,236.1,-52.1,,,,132.3,218.6,111.7,8833.477,10201.42,3229.7,1367.94,5873785,1.01493,135139,385.9,1514.6
Q3 1980,5776.6,3752,,,,,-48.8,353.5,321.2,1350.8,2785.2,1768.7,225.4,576.5,966.9,477.3,-33.9,284.7,279.2,567.5,48.215,47.141,83.233,81.4,89.5,54.685,107121,98899,168111,7.7,90043,35,9.84,9.15,9.35,10.14,10.66,10.95,123.28,932.42,765.33,45.233,244.4,-64.3,,,,135.8,225.3,116.3,9233.188,10636.84,3354.37,1403.65,5919970,1.02482,137945,399.3,1560.3
Q4 1980,5883.5,3802,,,,,-13.3,351.3,338.4,1349.4,2915.3,1836.6,236.2,591.3,1009.1,507,-9.1,292.5,299.2,587.5,49.551,48.305,85.567,83.933,91.3,56.8067,107442,99499,168694,7.4,90721,35.3,15.85,13.61,13.26,13.84,12.65,12.42,133.117,963.99,823.27,46.1,274.1,-51.9,,,,144.1,232.2,130.8,9555.418,11002.9,3413.99,1447.48,5964740,1.01381,141240,409.4,1593.5
Q1 1981,6005.7,3822.8,,,,,55.4,357.9,352.9,1367.3,3051.4,1892.4,246,614,1032.3,524.4,38.8,305.5,319.7,610.1,50.808,49.502,87.933,85.9,93.7,56.9353,108274,100239,169279,7.4,91110,35.3,16.57,14.39,13.65,14.12,13.2,12.96,131.52,1003.87,827.61,45,269.5,-30.9,,,,150,243,131.3,9728.047,11185.93,3459.68,1457.88,6010163,1.00074,142254,415,1620.7
Q2 1981,5957.8,3822.8,,,,,14.3,359.9,353.4,1370.4,3084.3,1924,240.9,622.8,1060.2,539.7,11.7,308.4,322,622.4,51.769,50.328,89.767,87.8,96.1,57.0739,108848,100801,169837,7.4,91348,35.3,17.78,14.91,14.28,15.13,14.19,13.75,132.813,976.88,805.19,45.067,272.3,-38.8,,,,161,249.8,128.9,9970.199,11465.72,3638.14,1495.52,6054848,1.01629,144502,425.8,1664.6
Q3 1981,6030.2,3838.3,,,,,57.9,352.2,349.4,1367.3,3177,1963.4,251.9,629.1,1082.4,548.8,44,302.3,309.9,628.4,52.685,51.153,92.267,90.767,96.9,57.6772,108525,100482,170413,7.4,91541,35.1,17.58,15.05,15.06,16.32,15.43,14.85,125.677,849.98,708.44,43.8,326.5,-47,,,,169.7,258.6,120.4,10020.19,11547.29,3744.25,1527.1,6100623,1.01168,146416,426.9,1694.1
Q4 1981,5955.1,3809.3,,,,,28.3,353.9,359.4,1379.9,3194.7,1978.2,236.8,635.7,1105.7,557.4,24.8,304.7,319.4,649,53.646,51.931,93.767,92.533,97.9,56.4091,109057,100077,170990,8.2,91139,35,13.59,11.75,12.21,13.55,14.13,14.09,122.17,875,751.9,42.8,339.4,-80.2,,,,188.5,259.3,109.6,10299.05,11858.75,3804.4,1559.7,6147752,1.03235,147944,432.1,1737.8
Q1 1982,5857.3,3833.9,,,,,-27.2,338.5,349.2,1378.5,3184.9,2016.2,246.4,639.9,1129.9,548,-21.5,293.2,309.5,658.5,54.375,52.588,94.6,93.667,98.8,55.2852,109374,99709,171497,8.8,90510,34.7,14.23,12.81,13.07,14.33,14.39,14.29,114.207,822.77,682.22,42.733,319.4,-104.5,,,,186.6,256.6,104.8,10390.2,11952.21,3904.13,1562.02,6193075,1.05733,150370,442.4,1777.1
Q2 1982,5889.1,3847.7,,,,,-5.4,340.6,343.4,1386.5,3240.9,2042.7,249.2,638.7,1154.7,535,-4.2,294.7,299.1,671.9,55.033,53.089,95.967,95.4,99.3,54.5607,110117,99745,172020,9.4,90030,34.8,14.51,12.42,12.55,13.8,14.06,13.93,114.12,811.93,666.36,43.033,341.2,-110.8,,,,182.5,249.6,102.9,10495.14,12081.51,3935.7,1586.37,6237241,1.05912,152778,447.1,1815.1
Q3 1982,5866.4,3877.2,,,,,6.8,325.5,359.4,1396,3274.4,2090.7,252.1,649.7,1188.9,522.9,5.8,279.6,309.3,684.7,55.816,53.923,97.633,97,100.5,53.7214,110526,99543,172522,9.9,89344,34.8,11.01,9.32,10.38,11.84,13.11,13.12,113.82,896.25,731.49,43.2,336.4,-149.8,,,,172.9,246.5,103.5,10730.72,12328.63,3949.22,1597.91,6278119,1.07018,155495,452.1,1848.2
Q4 1982,5871,3947.9,,,,,-52.8,310.6,345.3,1420.1,3312.5,2152.4,264.4,656.7,1231.3,522.8,-39.8,265.3,294.9,706.7,56.422,54.521,97.933,97.333,101.4,52.7482,110959,99120,173046,10.7,88807,34.6,9.29,7.91,8.26,9.13,10.47,10.67,136.71,1046.54,856.79,44.367,304.6,-184.7,,,,168.3,243,111.5,11043.26,12676.61,3990.42,1633.35,6317629,1.07607,158837,470.3,1890.1
Q1 1983,5944,3986.6,,,,,-47.7,315.6,353.2,1430.8,3381,2192.2,268.9,657,1266.3,531.7,-35.1,270.7,295.3,716.7,56.88,54.991,98,97.933,101,53.3774,110639,99143,173505,10.4,88987,34.7,8.65,8.11,8.18,8.86,10.12,10.56,147.65,1130.03,930.81,46.333,322,-183.8,,,,158.6,241.9,131.2,11404.11,13032.52,4040.23,1628.41,6354722,1.0691,163119,484,1993.3
Q2 1983,6077.6,4065.7,,,,,-6.7,316.5,380.3,1443,3482.2,2256.4,289.6,673,1293.7,549.9,-7.7,272.5,318,729.1,57.296,55.497,99.133,98.9,101.4,54.5663,111168,99945,173957,10.1,89663,34.9,8.8,8.4,8.47,9.18,10.23,10.54,162.733,1221.96,1029.99,48.233,311.5,-169.7,,,,149.5,253.4,147,11712.6,13394.63,4084.35,1682.03,6390495,1.05148,167928,499.1,2044.1
Q3 1983,6197.5,4137.6,,,,,-5.6,321.3,410,1468,3587.1,2326.5,302.4,688.4,1335.7,581.9,-4.2,278.2,343.4,748.1,57.88,56.229,100.1,100.133,101.9,56.4352,112095,101611,174449,9.4,90591,34.9,9.46,9.14,9.31,10.3,11.42,11.63,165.513,1233.13,1017.62,49.133,316.7,-179.2,,,,152.6,266.8,162.4,11833.72,13573.11,4130.707,1739.39,6429710,1.03747,171249,510.4,2076.2
Q4 1983,6325.6,4203.2,,,,,29.4,327.8,430.1,1443.2,3688.1,2379.2,319.3,696.5,1363.4,616.8,23.9,286.6,358,739.7,58.305,56.604,101.1,101.433,102.2,57.8985,112160,102588,174950,8.5,91855,35.1,9.43,8.8,8.98,9.95,11.41,11.69,165.747,1258.64,1006.41,50.1,340.5,-152.8,,,,156.6,289.3,170.8,11913.91,13714.23,4177.219,1800.32,6475277,1.02366,174552,519.2,2113.9
Q1 1984,6448.3,4239.2,,,,,88.7,334.6,464.6,1457.8,3807.4,2425.5,331.4,706.5,1387.6,636.7,73,293,388,767.2,59.045,57.216,102.533,102.833,103.4,59.6094,112512,103664,175679,7.9,93068,35.2,9.69,9.17,9.28,10.18,11.64,11.94,160.36,1164.89,969.29,51.267,393.3,-134.5,,,,165.7,294.3,176.6,12069.42,13893.96,4353.008,1824.54,6529283,1.01256,177869,528,2159.5
Q2 1984,6559.6,4299.9,,,,,83.1,343,484.1,1489.2,3906.3,2484.1,341.3,722.4,1420.5,665.8,69.3,302.2,406.5,791.4,59.551,57.772,103.5,104.1,103.8,60.5283,113521,105040,176125,7.4,94106,35.1,10.56,9.8,10.22,11.55,13.01,13.2,155.757,1132.4,934.51,51.433,417.8,-140.5,,,,175.8,308.6,181.4,12237.36,14123.78,4487.066,1886.42,6580776,1.00323,180872,537.3,2205.9
Q3 1984,6623.3,4333,,,,,86.9,350.5,496.6,1500.2,3976,2522.8,342.1,724.6,1456.1,682.1,71.3,305.7,409.6,803.6,60.029,58.222,104.4,105.4,103.9,60.941,113837,105363,176595,7.4,95037,35.1,11.39,10.32,10.53,11.81,12.83,12.87,160.537,1206.71,1017.09,51.433,448.4,-154.1,,,,182.5,318.2,181.4,12597.35,14540.24,4616.027,1942.89,6635470,1.00184,183802,541.7,2234.9
Q4 1984,6677.3,4390.1,,,,,54.4,357.6,511.2,1532.3,4034,2572,353.8,732.8,1485.3,696.3,48,308.6,416.4,825.5,60.413,58.585,105.3,106.467,103.9,61.0084,114257,105944,177132,7.3,95886,35,9.27,8.8,8.99,10.02,11.49,11.74,165.19,1211.57,1013.92,51.6,446.6,-161,,,,185.5,327.8,183,12868.39,14879.8,4734.527,2011.41,6694686,1.0026,186192,547.6,2284.5
Q1 1985,6740.3,4464.6,,,,,17.2,357.9,499.9,1549.9,4117.2,2643.4,368,742.4,1533,703.8,16.2,305.4,397.3,845.6,61.083,59.21,106.267,107.633,104.1,61.1593,114976,106615,177522,7.2,96551,34.9,8.48,8.18,8.43,9.39,11.19,11.58,177.303,1266.78,1106.01,52.667,388.5,-126,,,,194.9,325.6,183.3,13257.72,15340.98,4865.906,2083.26,6748871,1.00127,189345,562.4,2353.3
Q2 1985,6797.3,4505.2,,,,,25.1,356.6,524.5,1584.7,4175.7,2687.4,373.3,752.8,1561.4,713.7,21.6,303.1,418.6,868.4,61.431,59.651,107.233,108.767,104.7,61.2274,115177,106791,177946,7.3,97249,34.9,7.92,7.46,7.66,8.47,10.32,10.81,184.803,1335.46,1174.85,53.333,423.7,-177,,,,195.2,333.3,185.1,13579.7,15741.4,5016.707,2161.69,6806568,1.00136,192935,575.9,2395
Q3 1985,6903.5,4590.8,,,,,20.8,351.4,519.4,1625.8,4258.3,2755.9,396.5,760.5,1598.9,710.9,16.3,295.6,414.2,893.9,61.683,60.03,107.9,109.733,104.3,61.1232,115505,107186,178413,7.2,97823,34.8,7.9,7.11,7.26,7.99,9.77,10.34,188.303,1328.63,1112.25,54.233,365.8,-156.3,,,,192.2,329.9,188.8,13713.6,15969.15,5179.578,2255.55,6864353,0.99433,197755,596.2,2445.8
Q4 1985,6955.9,4600.9,,,,,38.6,362,539.8,1635.5,4318.7,2783.7,383.8,773.3,1626.6,729.1,33.1,304,438.9,907.7,62.087,60.505,109,111,105.5,61.4906,116211,108023,178941,7,98405,34.8,8.1,7.17,7.26,7.85,9.23,9.76,196.963,1546.67,1285.66,54.9,378.6,-165.7,,,,195.8,337.8,195.5,14364.66,16732.66,5340.797,2368.01,6924034,0.99542,202138,613.3,2481.8
Q1 1986,7022.8,4639.3,,,,,35.3,373.4,539.3,1653.2,4382.4,2827.2,391.6,779.3,1656.4,733.5,30.3,312,439.4,918.8,62.403,60.941,109.567,112.2,104.1,61.8461,116928,108735,179825,7,98812,34.9,7.83,6.9,6.95,7.46,8.16,8.56,219.963,1818.61,1455.9,55.667,375.9,-157.3,,,,191.7,335.5,206.3,14892.34,17284.47,5442.219,2392.13,6981768,0.99416,205488,626.7,2518.5
Q2 1986,7051,4688.7,,,,,17.2,377.5,562.2,1688.3,4423.2,2859.2,407.3,767.5,1684.4,737.3,15.7,314.2,444,940.9,62.732,60.98,109.033,113.133,102.7,61.4736,117643,109206,180321,7.2,99150,34.7,6.92,6.14,6.18,6.61,7.4,7.6,240.58,1892.72,1522.3,56.3,369.2,-185.5,,,,174.5,343,219.8,15248.52,17709.5,5575.527,2460.98,7038549,0.99823,210024,651.2,2585.1
Q3 1986,7119,4770.7,,,,,-9.5,386.1,577.8,1726.6,4491.3,2930.6,445.7,771,1713.9,739.5,-7,320.2,459.4,967.4,63.089,61.43,109.7,114.2,102.6,61.7169,118225,109970,180836,7,99639,34.6,6.21,5.52,5.59,5.99,6.93,7.31,241.15,1767.58,1410.96,56.7,328.7,-188.4,,,,169,344.4,226.1,15312.79,17861.44,5705.168,2548.66,7096656,0.99686,215147,678.8,2650.1
Q4 1986,7153.4,4799.4,,,,,-9.2,400.5,582.3,1716.6,4543.3,2969.9,441.1,779,1749.8,749.5,-12.7,335,468.6,970.2,63.513,61.881,110.467,115.3,103.5,62.4305,118587,110492,181365,6.8,100286,34.6,6.27,5.35,5.41,5.8,6.75,7.26,243.687,1895.95,1465.31,57.5,305,-164.3,,,,170.9,350.3,228.3,15851.68,18486.89,5827.859,2635.21,7154731,1.00019,220922,708.3,2709
Q1 1987,7193,4792.1,,,,,36.6,400.8,578.8,1723.7,4611.1,3004.8,418.5,797.4,1788.9,737,28,336.7,477.7,982.4,64.105,62.702,111.8,116.233,104.3,63.2787,119079,111206,182001,6.6,100893,34.8,6.22,5.54,5.54,5.92,6.74,7.19,279.303,2304.69,1754.08,58.2,349.3,-174.5,,,,166.9,339.9,230.1,16626.65,19266.21,5959.738,2639.56,7213854,1.0029,226332,731.6,2751.6
Q2 1987,7269.5,4856.3,,,,,20.1,416.7,593.2,1734.6,4686.7,3071.9,439.1,812.3,1820.5,751.1,16.5,355,502.3,994.6,64.471,63.256,113.067,117.633,105.3,64.3583,119663,112158,182527,6.3,101682,34.7,6.65,5.66,5.98,6.77,7.95,8.34,293.273,2418.53,1808.85,58.733,300.2,-107.9,,,,169.6,348.6,232.9,16910.08,19644.51,6094.688,2734.43,7271453,1.00027,230262,744.3,2775.1
Q3 1987,7332.6,4910.4,,,,,-0.7,434.6,604.8,1734.6,4764.5,3138.3,460.5,820.7,1857.1,768.5,1,371.6,517.3,1002.5,64.977,63.91,114.267,118.733,105.9,65.4953,120077,112867,183016,6,102408,34.8,6.84,6.04,6.18,7.13,8.42,8.88,319.37,2596.28,1905.81,59.567,346.3,-127.8,,,,177.6,356.7,234.2,17342.53,20153.27,6220.566,2810.73,7329373,0.99956,233403,745.2,2792.4
Q4 1987,7458,4922.2,,,,,76.8,450.7,618.7,1755.6,4883.1,3173,449.9,826.8,1896.2,774.7,63.1,391.8,537.5,1018.1,65.475,64.462,115.333,120.1,105.9,67.1032,120593,113527,183467,5.8,103361,34.7,6.92,5.86,6.41,7.24,8.63,9.12,255.377,1938.83,1461.61,59.633,398.3,-139.3,,,,182.7,354.5,237.5,16918.95,19762.25,6311.68,2843.3,7385205,0.99024,238582,753.2,2824.2
Q1 1988,7496.6,5004.4,,,,,17.9,475.7,615.8,1747.1,4948.6,3253.5,470.4,838.4,1944.7,780.6,17,418.4,542.7,1021.9,66.012,65.012,116.233,121.267,106.4,67.6928,121013,114093,183967,5.7,104121,34.6,6.66,5.72,6.03,6.78,7.91,8.42,258.116,1988.06,1550.11,60.133,399.3,-135.6,,,,178.6,367.6,234.4,17382.56,20265.16,6449.25,2882.6,7441440,0.99264,242793,758.6,2873.9
Q2 1988,7592.9,5040.8,,,,,22.9,488.8,608.7,1751.7,5059.3,3313,473.2,853.5,1986.3,800.7,19.7,438.9,546.1,1033,66.632,65.724,117.567,122.733,107.2,68.2921,121265,114623,184389,5.5,104973,34.6,7.16,6.21,6.49,7.3,8.42,8.91,263.136,2141.71,1633.32,60.867,416.4,-125.7,,,,184.2,378.2,238.4,17790.59,20758.53,6627.188,2967.95,7497599,0.98745,247451,772.7,2929.5
Q3 1988,7632.1,5080.6,,,,,20.7,497.9,623.1,1750.7,5142.8,3380.4,470.4,870.8,2039.2,807.5,18.2,452.7,552.8,1036.9,67.384,66.536,119,124.1,108.7,68.6486,121917,115233,184840,5.5,105708,34.6,7.98,7.01,7.27,8,8.76,9.1,266.917,2112.91,1623.81,61.067,412.8,-108.4,,,,183.5,384,240,18057.49,21104.54,6757.488,3047.05,7554172,0.98979,252141,782.8,2957.6
Q4 1988,7734,5140.4,,,,,26.2,513.1,642,1786.2,5251,3453.3,486.2,886.3,2080.8,823.5,19.1,465.6,574.3,1063.8,67.895,67.179,120.3,125.6,109.6,69.1473,122488,115947,185253,5.3,106565,34.6,8.47,7.73,7.86,8.53,8.8,8.96,274.976,2168.57,1652.25,61.4,418.2,-115,,,,184.9,394.2,244.4,18471.99,21615.91,6877.949,3143.92,7610565,0.98404,255717,785,2983.6
Q1 1989,7806.6,5159.3,,,,,54.4,528.2,645,1775.2,5360.3,3507.7,486.4,902.5,2118.7,835.9,48.2,484,586.2,1070.7,68.664,67.989,121.667,126.933,111.8,69.4176,123251,116835,185773,5.2,107369,34.6,9.44,8.54,8.59,9.29,9.31,9.21,290.71,2293.62,1751.33,61.233,415.9,-87.9,,,,189.5,401.8,244.6,18902.26,22084.78,7002.738,3182.52,7670455,0.98256,258461,784.2,3000
Q2 1989,7865,5182.4,,,,,41,551.2,648.1,1802.8,5453.6,3570,493.3,927.7,2148.9,842.1,36,505.8,595.4,1095,69.34,68.887,123.633,128.3,113.7,69.1227,123678,117205,186178,5.2,107874,34.5,9.73,8.41,8.33,8.93,8.83,8.77,313.303,2440.06,1881.07,60.6,383.6,-108.7,,,,189.6,412.3,240.2,19309.61,22578.98,7139.129,3269.37,7727455,0.98251,260310,775.9,3020.7
Q3 1989,7927.4,5236.1,,,,,10.8,557.2,647.2,1819.7,5532.9,3626.8,505.6,936.3,2184.8,860.4,10,508.2,584.4,1112.1,69.795,69.264,124.6,129.533,113.7,68.7083,124026,117494,186602,5.2,108144,34.5,9.08,7.84,7.7,8.1,8.03,8.11,341.957,2692.82,2050.99,60.367,375.2,-119.2,,,,197.7,424.2,238.4,19888.36,23240.81,7335.09,3352.45,7785757,0.98213,262942,779.4,3078.9
Q4 1989,7944.7,5261.7,,,,,16.3,566,658.9,1829.4,5581.7,3673.5,491.9,951.3,2230.3,850.6,16.6,514.5,598.2,1124.6,70.257,69.815,125.867,131.1,115,69.0191,124448,117774,187018,5.4,108653,34.4,8.61,7.65,7.51,7.83,7.84,7.91,345.396,2753.2,2062.3,60.367,371.2,-139.3,,,,198.1,417.8,234.8,20202.42,23637.78,7443.168,3435.36,7840405,0.98687,266096,789.1,3139.3
Q1 1990,8027.7,5303.3,,,,,15.1,590.7,679.8,1857.6,5708.1,3758.7,515.4,974.2,2269.2,866.1,13.9,537.6,626.8,1158.6,71.106,70.875,128.033,132.767,117.6,69.5434,125781,119114,188520,5.3,109386,34.4,8.25,7.76,7.7,8.13,8.38,8.42,336.297,2707.21,1975.7,60.4,384.5,-156,,,,204.1,422.7,239.2,20241.8,23739.18,7547.77,3497.38,7896262,0.98363,271257,798.4,3184.3
Q2 1990,8059.6,5320.8,,,,,37,598.7,678.7,1860.4,5797.4,3811.8,498.4,980.9,2332.6,848.8,33.7,546.4,614.8,1171.4,71.931,71.64,129.3,134.5,117.5,70.0321,125705,118995,188916,5.3,109756,34.3,8.24,7.75,7.74,8.27,8.65,8.68,349.606,2880.7,2066.95,60.133,422.2,-167.7,,,,204.6,413.3,230.9,20495.29,24066.11,7581.438,3570.81,7952331,0.98669,276982,806.5,3210.6
Q3 1990,8059.5,5341,,,,,24.9,603.1,675.9,1859.8,5850.6,3875.2,493.6,1003.1,2378.5,844.9,21.9,555.7,630.1,1183,72.593,72.555,131.533,136.5,119.3,70.2482,125871,118712,189353,5.7,109609,34.2,8.16,7.48,7.41,7.83,8.43,8.7,335.396,2452.48,1774.8,59.6,382.3,-167.6,,,,205.5,420.6,218.8,20124.36,23763.21,7630.797,3638.85,8009742,0.99383,284125,815.3,3245
Q4 1990,7988.9,5299.5,,,,,-10.8,608.2,657.8,1878.3,5846,3896,480.9,1018.8,2396.3,825.9,-11.3,568.8,647.3,1213.8,73.176,73.518,133.767,138.067,122.2,69.1573,126069,118361,189866,6.1,109208,34.2,7.74,6.99,6.96,7.3,8.03,8.4,317.053,2633.66,1908.45,58.467,397.6,-189.8,,,,197.4,421.5,207,20585.06,24288,7601.387,3702.94,8068851,1.01001,291195,822.2,3269.5
Q1 1991,7950.2,5284.4,,,,,-17.2,612.5,650.3,1885.9,5880.2,3909.7,471.7,1014.1,2423.9,803.4,-15.5,574.7,620.3,1228.1,73.963,73.987,134.767,140.067,121.9,67.8393,126071,117782,190272,6.6,108744,34.1,6.43,6.02,6.04,6.44,7.65,8.02,353.343,2913.86,2170.79,58.567,448.5,-164.1,,,,194.9,413.3,195.2,21248.9,24968.89,7621.648,3719.99,8121736,1.02158,300480,832.9,3309.7
Q2 1991,8003.8,5324.7,,,,,-21,634.6,661.9,1892.5,5962,3963.3,475.2,1021.8,2466.3,802.1,-18,592.3,613.9,1236.2,74.49,74.433,135.567,141.333,121.4,68.2716,126352,117729,190656,6.8,108268,34,5.86,5.56,5.69,6.24,7.78,8.13,378.653,2906.8,2151.44,59.767,446.3,-225.1,,,,189.9,411.5,200.7,21280,25068.93,7696.758,3788.93,8174705,1.02135,304243,849.6,3347.8
Q3 1991,8037.5,5345,,,,,-0.5,649.1,680.5,1883.5,6033.7,4008.7,484.3,1024.4,2500,804.4,0.8,602.2,621.7,1239.2,75.069,74.999,136.6,142.867,121.3,69.1879,126318,117660,191121,6.9,108258,34.1,5.64,5.38,5.45,5.89,7.49,7.94,385.61,3016.77,2255.8,60.9,436.8,-242.9,,,,177.5,416.6,210.3,21550.64,25387.06,7701.93,3836.42,8229900,1.02394,309075,866.1,3360
Q4 1991,8069,5342.6,,,,,33,663.9,695.5,1875.6,6092.5,4038.6,477.5,1020.7,2540.4,803.2,31.1,617.1,638.3,1240.8,75.505,75.592,137.733,144.2,122.2,69.3408,126669,117679,191651,7.1,108267,34.1,4.82,4.54,4.58,4.87,6.56,7.35,387.103,3168.8,2426.04,61,473.1,-264.8,,,,172.2,416.9,214.2,22142.33,26059.02,7735.117,3916.69,8286697,1.02698,315055,887.5,3370.7
Q1 1992,8157.6,5434.5,,,,,2.7,675.7,700.6,1889.9,6190.7,4140.1,496.2,1037.7,2606.3,810,0.2,627.3,645.8,1258.8,75.889,76.183,138.667,145.467,122.2,69.2576,127357,117958,192075,7.4,108285,34.1,4.02,3.89,3.99,4.36,6.59,7.3,412,3235.5,2360.59,62,501.9,-296.5,,,,169.9,415.7,224.4,22180.1,26113.1,7807.898,3933,8341360,1.02253,322197,924.1,3399.5
Q2 1992,8244.3,5466.7,,,,,23.9,675.8,712.1,1887.6,6295.2,4193.5,501,1047.2,2645.3,842.2,23.2,627.9,659,1267.3,76.358,76.71,139.733,146.733,122.9,70.473,128140,118407,192507,7.6,108558,34.2,3.77,3.68,3.8,4.22,6.65,7.38,410.163,3318.5,2372,63.167,519.7,-302.6,,,,170.6,436.5,235.1,22196.95,26176.09,7841.488,3979.14,8398462,1.0187,328554,949.5,3401.7
Q3 1992,8329.4,5527.1,,,,,21.1,690.4,723.3,1897.3,6389.7,4267.7,512.1,1061.1,2694.5,856.3,20.5,641.4,677.9,1281.7,76.713,77.213,140.8,147.867,123.5,70.9844,128559,118753,193024,7.6,108817,34.2,3.26,3.08,3.15,3.42,5.61,6.62,417.153,3271.7,2426.25,63.733,480.2,-317.9,,,,173,446,237.3,22458.7,26504.67,7903.289,4045.97,8458273,1.01547,336980,975,3405.9
Q4 1992,8417,5594.6,,,,,23.8,694,740.6,1897.9,6493.6,4346.2,523.1,1074.8,2748.4,885.3,21.4,643.2,688.5,1286,77.149,77.687,142.033,149.2,124.2,71.6867,128340,118834,193616,7.4,109228,34.2,3.04,3.07,3.25,3.56,5.91,6.74,423.66,3301.12,2539.92,65.167,465.5,-298.5,,,,176.7,460,248.6,23090.14,27211.88,7962.816,4121.73,8521805,1.01245,347693,1014.8,3430.2
Q1 1993,8432.5,5617.2,,,,,40.3,695.5,756.7,1877.9,6544.5,4384.9,527.9,1079.1,2777.9,895.4,35.9,645,699.3,1282.6,77.61,78.062,143.067,150.5,124.7,72.3185,128485,119297,194106,7.1,109869,34.2,3.04,2.96,3.09,3.41,5.48,6.28,442.363,3435.11,2637.3,66.1,498,-322.3,,,,173.7,469.1,252.6,23438.27,27567.64,7970.906,4129.37,8581725,1.0177,355658,1034.1,3420.8
Q2 1993,8486.4,5671.1,,,,,26.8,704.1,772.3,1876.5,6622.7,4452.1,547.8,1086.3,2817.9,918.2,24.1,654.3,716.3,1290.3,78.039,78.505,144.1,151.767,125.5,72.4835,129086,119960,194555,7.1,110459,34.3,3,2.97,3.08,3.38,5.18,5.99,445.463,3516.08,2633.92,66.633,470.6,-278.9,,,,175.1,485.2,257.9,23641.98,27842.74,8050.367,4200.75,8641741,1.0183,364575,1062.9,3435.7
Q3 1993,8531.1,5732.7,,,,,6.3,701.8,782.5,1874.6,6688.3,4516.3,556.6,1092.5,2867.1,936.8,6.6,651.4,719.3,1296.6,78.399,78.781,144.767,152.667,124.4,72.8671,129428,120626,195068,6.8,111146,34.4,3.06,3,3.12,3.42,4.95,5.62,453.553,3555.12,2698.73,67.3,446.2,-285.8,,,,177.5,490,269.3,24007.11,28300.32,8130.809,4293.21,8704764,1.02036,374765,1094.3,3452.4
Q4 1993,8643.8,5783.7,,,,,15.6,724.2,813.9,1883.9,6813.8,4581.1,573.8,1105.3,2902,979.8,16.6,671.7,745,1309.7,78.829,79.206,145.967,153.867,124.3,73.9404,129742,121152,195621,6.6,111914,34.4,2.99,3.06,3.2,3.53,4.97,5.61,464.247,3754.09,2739.44,68.533,431.4,-237.6,,,,182.4,513.3,284.1,24459.28,28850.05,8213.727,4390.77,8770772,1.01469,384073,1122.3,3473.1
Q1 1994,8727.9,5848.1,,,,,50.5,731.1,832.9,1859.9,6916.3,4650.4,588.8,1116.8,2944.7,998.3,45.3,681.2,761.8,1302.9,79.244,79.519,146.7,154.867,125,74.8814,130555,121994,196085,6.6,112762,34.4,3.21,3.24,3.45,3.91,5.48,6.07,469.46,3635.96,2612.35,69.633,476.6,-231,,,,176.2,528.6,293.5,24473.62,28895.56,8282.887,4421.93,8832417,1.01197,393158,1136,3484.1
Q2 1994,8847.3,5891.5,,,,,90.5,755.2,863.9,1867.7,7044.3,4709.8,598.7,1128.1,2983,1025.5,81.4,706.3,797.6,1318.8,79.621,79.943,147.533,155.933,125.1,76.2462,130654,122596,196522,6.2,113816,34.5,3.94,3.99,4.41,5.13,6.67,7.08,450.987,3624.96,2592.26,70.7,475.7,-199.2,,,,187.4,533.1,305,24617.48,29123.79,8372.609,4506.3,8895775,1.00548,401601,1143.2,3494.6
Q3 1994,8904.3,5938.7,,,,,56,784.1,888.2,1900.5,7131.8,4786.3,609.3,1149.6,3027.4,1039.7,53.2,737.1,833.8,1349.3,80.094,80.596,148.9,157.1,125.9,77.193,131116,123245,197050,6,114817,34.5,4.49,4.48,4.89,5.6,6.96,7.33,460.866,3843.19,2701.8,71.4,482.8,-205.4,,,,189.4,545.3,304.9,25007.94,29604.34,8457.598,4596.39,8963792,1.00668,409753,1151,3496.7
Q4 1994,9003.2,5997.3,,,,,80.1,801.5,913.2,1884.1,7248.2,4856.7,631.8,1163,3061.8,1070.5,75.2,758.3,860.6,1348.1,80.507,80.981,149.767,158.1,126.1,78.7128,131862,124450,197601,5.6,115733,34.5,5.17,5.28,5.77,6.6,7.63,7.84,460.003,3834.44,2653.37,72.5,515.5,-213.1,,,,194.1,571.6,304.9,25241.97,29958.87,8522.047,4716.89,9036194,1.00366,416361,1150.6,3496
Q1 1995,9025.3,6004.3,498.5,1428.1,4159.1,1224.7,65.9,816.2,933.2,1891.6,7307.7,4888.7,621.2,1166.9,3100.6,1099.5,61.1,780.7,886.9,1364.6,80.969,81.419,150.867,159.433,127.2,79.6933,132087,124849,197882,5.5,116591,34.4,5.81,5.74,6.04,6.73,7.39,7.48,480.106,4157.69,2865.9,72.367,556,-210.5,336.5,486.8,457.7,201.4,596.3,301.8,25880.33,30625.28,8576.02,4744.95,9102151,1.00851,422459,1148.5,3500.5
Q2 1995,9044.7,6053.5,503.6,1435.2,4196.7,1220.1,37.7,827.4,942.1,1897.9,7355.8,4957.5,626.9,1177,3153.6,1098.9,33.7,797.7,908.3,1376.3,81.328,81.894,152.1,160.733,127.8,79.9263,132130,124629,198295,5.7,117037,34.3,6.02,5.6,5.62,5.97,6.4,6.62,523.69,4556.1,3085.84,72.133,535.9,-208.5,343.2,488,443,206.7,598.7,293.5,26512.02,31347.08,8648.207,4835.05,9171789,1.01405,429529,1146.3,3533.5
Q3 1995,9120.7,6107.6,517.8,1440.3,4226.6,1236.2,8.2,863.4,945.4,1893.7,7452.5,5022.9,642.5,1183.7,3196.7,1114.9,11.3,830.5,905.8,1378.8,81.71,82.239,152.867,161.8,128,80.6887,132430,124934,198807,5.7,117527,34.3,5.8,5.37,5.36,5.65,6.08,6.32,565.083,4789.07,3312.33,72.8,549.3,-201.1,345.7,491.2,456.7,210.5,600.6,303.8,27270.37,32216.9,8753.969,4946.53,9244792,1.01361,431313,1144.3,3596.6
Q4 1995,9184.3,6150.6,526.8,1447.7,4250.5,1261.9,16.5,875.9,957.4,1872.5,7542.5,5080.1,652.3,1191.7,3236.2,1138.2,18.5,838.6,909.2,1376.4,82.125,82.595,153.7,162.933,128.8,81.36,132614,125221,199352,5.6,118070,34.3,5.72,5.26,5.24,5.44,5.69,5.89,597.673,5117.11,3484.15,73.033,545.1,-167.8,342.8,506,467,210.5,615.4,312.4,27946.35,32984.72,8836.09,5038.38,9319609,1.01473,433396,1132.9,3631.6
Q1 1996,9247.2,6206.9,532.5,1457.1,4292.1,1293.8,3.2,886.9,988.6,1884.5,7638.2,5156.5,659.8,1211.2,3285.5,1163.2,6.9,847.6,936.7,1400.7,82.6,83.078,155.067,164.033,130,81.95,132916,125542,199776,5.5,118565,34.1,5.36,4.93,4.88,5.12,5.57,5.91,637.01,5587.14,3668.24,73.067,561.6,-173.8,348.9,519.8,479.3,214.4,627,321.8,28625.72,33726.32,8941.289,5100.6,9392488,1.01571,434447,1121.5,3676.5
Q2 1996,9407.1,6277.1,549.4,1475.8,4320.6,1335.9,26.8,901.8,1010.7,1911.6,7800,5248.8,676.3,1239.5,3332.9,1197.4,30.5,859,952.8,1417.1,82.916,83.618,156.4,165,131,83.5569,133591,126280,200279,5.5,119354,34.3,5.24,5.02,5.14,5.66,6.49,6.72,658.967,5654.63,3798.08,74.533,549.7,-131,356.5,536,499.5,219.9,640.6,336.9,29166.29,34364.46,9048.988,5198.17,9470982,1.00679,438130,1118.8,3721.1
Q3 1996,9488.9,6314.6,553.3,1486.3,4343.7,1366.8,62,909.1,1043.5,1909.7,7892.7,5304.4,679.4,1246.5,3378.5,1228.7,51.1,859.7,973.8,1422.6,83.179,84.002,157.3,166.067,131.5,84.6588,134284,127218,200849,5.3,120083,34.4,5.31,5.1,5.22,5.78,6.54,6.78,660.543,5882.17,3884.05,75.367,559.5,-113.3,360.9,557.7,498.2,225.5,663.5,339.7,29539.86,34834.01,9156.707,5294.16,9555297,1.007,444439,1103.4,3756.3
Q4 1996,9592.5,6366.1,564.1,1498.3,4369.3,1389.6,32.8,966.1,1064,1925.9,8023,5384.7,689.6,1268.3,3426.8,1248.5,34.6,904.3,992.6,1443.5,83.638,84.584,158.667,167.133,132.6,85.8164,135014,127840,201457,5.3,120791,34.4,5.28,4.98,5.07,5.48,6.1,6.34,726.79,6448.27,4148.07,76.033,557.6,-83,379.3,568.2,493,238.6,672,337.9,30010.3,35409.12,9263.488,5398.82,9642767,1.00524,449265,1083.8,3799.6
Q1 1997,9666.2,6430.2,579.4,1507.4,4404.8,1416.8,43.2,984.5,1109.5,1929.4,8137,5467.1,705.6,1281.1,3480.4,1270.8,49.8,919.1,1027.2,1457.4,84.179,85.022,159.633,168.1,132.8,87.4668,135582,128496,202395,5.2,121536,34.4,5.28,5.06,5.14,5.65,6.36,6.56,785.59,6583.48,4214.16,77.233,571.3,-62.4,382.6,586,494.7,243,687.1,340.7,30287.62,35722.74,9371.777,5435.12,9729342,1.00653,454785,1077.4,3845.2
Q2 1997,9809.6,6456.2,577.5,1508.3,4434.7,1447.3,103.9,1023.5,1146.7,1946,8276.8,5504,696.6,1277.9,3529.5,1296.6,88.4,955,1039.7,1472.4,84.375,85.25,160,169.167,131.5,88.8312,136115,129340,202835,5,122390,34.5,5.52,5.05,5.27,5.85,6.57,6.7,824.437,7672.79,4889.72,78.233,600.6,-37.9,379.2,607.6,500.9,243.1,706.9,346.7,31973.74,37504.87,9514.129,5531.13,9816019,1.00065,459798,1064.5,3889
Q3 1997,9932.7,6566,603.3,1532.5,4487.4,1503.1,75.4,1047.2,1189,1948.2,8409.9,5613.3,722.8,1297.7,3592.9,1346.9,68,974.7,1070.9,1477.9,84.669,85.491,160.8,169.9,131.3,90.8901,136590,129950,203367,4.9,123084,34.6,5.53,5.05,5.13,5.54,6.13,6.24,930.016,7945.26,5257.58,79.533,585.4,4.8,393.5,641.3,503.2,255.1,740.5,351.3,33160.85,38814.87,9647.168,5654.01,9909240,0.99764,466982,1069.4,3949.9
Q4 1997,10008.9,6641.1,618.7,1543.3,4533.1,1516,87,1045.3,1214.7,1951.5,8505.7,5698.1,737.1,1308.2,3652.8,1356.3,77.8,968.9,1085.3,1490,84.982,85.8,161.667,170.867,131.6,93.156,136916,130504,203935,4.7,124058,34.6,5.51,5.09,5.17,5.48,5.83,5.91,950.816,7908.25,5405.19,80.333,585.5,0.1,396.2,646.7,508.4,259.9,738.9,357.5,33607.25,39352.63,9800.949,5745.39,10001950,0.99931,475956,1069.5,4010.9
Q1 1998,10103.4,6707.2,623.9,1554.7,4583.5,1561.6,117.2,1050.3,1260.2,1939.7,8600.6,5757.5,737.9,1307.3,3712.3,1389.9,105.1,963.8,1098.2,1482.6,85.125,85.841,162,171.9,130.6,94.1747,137148,130782,204395,4.6,124802,34.6,5.52,5.05,5.05,5.31,5.51,5.59,1021.31,8799.81,6056.42,81,587.5,53.5,392,679.6,517.5,260.7,764.3,364.9,35490.89,41293.12,10008.52,5802.22,10091710,0.99884,483430,1076.6,4085.5
Q2 1998,10194.3,6822.6,655.7,1573.9,4639.4,1616,43.2,1038.2,1289.1,1981.9,8698.6,5870.2,769.8,1320.8,3779.6,1434.2,37.3,947.8,1109.6,1518.7,85.329,86.041,162.533,172.867,130.5,94.9132,137326,131259,204905,4.4,125576,34.5,5.5,4.98,5.11,5.41,5.59,5.6,1109.67,8952.02,6119.34,81.333,565.6,63.3,413.1,700.4,533,277.7,778.1,378.4,36152.79,42100.35,10257.09,5947.55,10187060,0.99929,489108,1077.2,4160.3
Q3 1998,10328.8,6913.1,674.6,1585.5,4695.8,1646.8,60.6,1033.3,1306.5,2000.2,8847.2,5968,786,1335.8,3846.2,1460.3,52.4,936,1109.9,1540.4,85.656,86.329,163.367,173.9,130.5,95.5844,137815,131568,205483,4.5,126277,34.5,5.53,4.82,4.87,5.09,5.12,5.2,1083.95,7842.61,5334.13,81.467,556.8,97.4,413.2,714.6,549,280.1,786.5,393.6,34887.91,40945.09,10490.82,6057.17,10284770,0.99574,498405,1076.7,4232
Q4 1998,10507.6,7019.1,714.6,1607.2,4728.5,1697.1,65.5,1072.3,1348.7,2018.1,9027.5,6078.2,826.4,1356.2,3895.7,1503.9,60,967.9,1145,1562.5,85.914,86.596,164.133,174.867,131,96.7739,138431,132294,206098,4.4,127036,34.5,4.86,4.25,4.29,4.39,4.39,4.67,1122.316,9181.43,6299.93,82.133,503.6,107.8,412.6,747,562.2,282,815.1,406.8,37692.83,43892.96,10743.6,6200.13,10386120,0.98844,510429,1092.1,4342.1
Q1 1999,10601.2,7088.3,716.4,1636.9,4768.5,1728.6,89.4,1064.1,1383.1,2028.4,9148.6,6157.4,821.3,1385.8,3950.3,1534,83.3,958.7,1170.6,1585.8,86.298,86.867,164.733,175.633,131.5,97.821,138900,132943,206876,4.3,127789,34.4,4.73,4.41,4.41,4.66,4.88,4.98,1259.003,9786.15,6382.2,83.333,559.8,123.2,410.9,771.3,565.5,282.8,837.9,413.3,38434.43,44720.79,10965.79,6286.35,10483680,0.98891,520899,1097.5,4418.9
Q2 1999,10684,7199.9,750.9,1652.3,4822.4,1769,41.1,1076.3,1427.2,2036.9,9252.6,6290,856.4,1419.2,4014.3,1569.7,35.1,971.2,1222.2,1608.8,86.602,87.362,165.967,176.467,132.3,98.7117,139132,133215,207432,4.3,128603,34.4,4.75,4.45,4.58,4.88,5.44,5.54,1329.793,10970.8,6853.15,83.867,479.4,133.5,405.9,803.4,571.6,281.2,866.2,422.3,39850.33,46290.73,11230.62,6440.39,10584620,0.9907,532857,1101.4,4482.9
Q3 1999,10819.9,7286.4,769.1,1660.1,4880.3,1810.2,44.6,1104.5,1478.9,2063.3,9405.1,6398.9,873.1,1441.3,4084.4,1603.9,40.6,998.8,1281.7,1644.6,86.924,87.819,167.2,177.4,133.6,99.7082,139497,133571,208044,4.2,129337,34.4,5.09,4.65,4.78,5.16,5.77,5.88,1342.217,10336.95,6268,84.767,425.1,145,405.6,834.3,576.4,283,891.5,429.4,39395.2,45999.45,11503.11,6604.24,10688560,0.98786,544896,1098,4548
Q4 1999,11014.3,7389.2,778.7,1694.1,4940.1,1820.4,99.1,1132.2,1514.4,2095.9,9607.7,6524.9,878.6,1484.2,4162.1,1615.2,84.3,1028.5,1331,1685.9,87.23,88.303,168.433,178.4,134.8,101.6679,139991,134275,208660,4.1,130238,34.4,5.31,5.04,5.21,5.61,6.06,6.14,1373.229,11497.13,6876.1,85.667,427.8,160.7,410.4,834.6,583.4,288.8,888.2,438.1,42887.21,49661.45,11771.63,6774.24,10790880,0.97972,574122,1112.2,4609.9
Q1 2000,11043,7501.3,822.5,1679.5,5014.8,1873.7,18.7,1151.7,1575.8,2078.7,9709.5,6683,923.5,1494.3,4265.1,1672.8,16.1,1052.8,1410.7,1695.6,87.924,89.092,170.1,179.567,136.4,102.8656,142386,136619,211586,4,131019,34.4,5.68,5.52,5.69,6.19,6.59,6.48,1418.889,10921.92,6848.61,86.233,419.4,256.4,418.4,870.7,588,297.8,925.7,449.2,44264.38,51164.02,12140.33,6899.64,10883160,0.98553,578639,1113.2,4682.3
Q2 2000,11258.5,7571.8,807.7,1713.1,5073.1,1920.8,101,1184.4,1623.9,2106.4,9949.1,6775.7,905,1537.7,4332.9,1720.5,90.4,1089.2,1453.6,1726.9,88.37,89.486,171.433,180.7,137.3,104.1095,142577,136947,212242,3.9,131795,34.3,6.27,5.71,5.96,6.22,6.42,6.18,1447.266,10447.89,6798.17,86.533,405.6,227.7,435.7,901.6,584,313,957.1,450.5,43794.04,50844.94,12582.61,7050.9,10987100,0.97589,573904,1107.5,4758.9
Q3 2000,11267.9,7645.9,821.7,1724.7,5120.1,1927.5,63.1,1213.3,1680.6,2099.8,10017.5,6881.7,915,1560.5,4406.2,1734.5,57.2,1119.1,1515,1740,88.903,90.006,173,181.9,138.4,104.0299,142437,136695,212919,4,132045,34.2,6.52,6.02,6.02,6.13,6.06,5.89,1475.502,10650.92,7010.81,86.033,404.8,220.3,452.1,903.7,573.7,328.2,960.2,446,44099.99,51335.4,12984,7235.41,11087590,0.984,577627,1100.8,4813.8
Q4 2000,11334.5,7713.5,827.7,1741.6,5165.1,1933.3,58.1,1203.8,1679.3,2106.2,10129.8,6981.1,919.5,1580.9,4480.7,1742.9,54.5,1111.8,1521.8,1761.3,89.371,90.505,174.233,183,140.1,103.7253,142944,137341,213560,3.9,132316,34.2,6.47,6.02,5.93,5.9,5.55,5.57,1365.37,10786.85,6945.57,85.067,327.6,201.4,454,907.1,574.2,333.5,959.2,450.2,42729.48,50106.14,13378.5,7376.66,11183760,0.9867,582449,1092.9,4885.6
Q1 2001,11297.2,7744.3,841.8,1731.4,5189.3,1921.8,-34.8,1188,1654.8,2137.3,10165.1,7058.1,930.9,1575.9,4551.4,1732,-30.7,1097.1,1492.5,1801.1,89.979,91.14,175.9,184.333,141.6,102.2032,143808,137724,214101,4.2,132500,34.1,5.59,4.82,4.65,4.6,4.8,5.05,1275.743,9878.78,6298.35,84.033,394.6,174.4,441.5,904.2,576.8,329,944.7,458.3,41400.53,48830.44,13815.3,7429.91,11270510,0.99764,590068,1103,5017.1
Q2 2001,11371.3,7773.5,841.3,1739.7,5211.4,1891.7,-10.7,1149.2,1605.5,2181.7,10301.3,7118.7,923.9,1594.5,4600.3,1711,-11.6,1056.6,1420.3,1846.9,90.59,91.576,177.133,185.467,142,100.8223,143415,137088,214736,4.4,132147,34,4.33,3.66,3.64,3.78,4.83,5.27,1232.973,10502.4,6574.32,83.9,390.6,113.3,443,870.9,584.9,335.3,905.4,470.4,42699.6,50327.26,14167.28,7627.66,11358650,0.99889,598766,1120.3,5145.6
Q3 2001,11340.1,7807.7,851.5,1748.1,5225.4,1871.9,-30.8,1090.1,1566.7,2177.8,10305.2,7151.2,928.9,1595.1,4627.3,1700.5,-30.1,997.1,1364.2,1850.6,90.874,91.592,177.633,186.733,140.7,99.3478,143642,136719,215422,4.8,131734,33.9,3.5,3.17,3.12,3.3,4.48,4.98,1142.53,8847.56,5750.42,84.233,524.4,-127.3,445.5,849.2,588.1,342.6,877.1,480.9,40755.26,48635.89,14564.29,7880.63,11442210,1.009,620917,1164.5,5264.5
Q4 2001,11380.1,7930,923.1,1763.2,5248.6,1824.9,-90.7,1059.3,1548,2216.4,10373.1,7267.2,1001.7,1585.2,4680.3,1657.4,-80.8,960.1,1317.9,1887.2,91.151,91.642,177.5,187.967,138.5,98.0901,144210,136226,216112,5.5,130939,33.8,2.13,1.91,1.93,2.24,4.09,4.77,1117.066,10021.5,6236.39,84.933,349.8,-62,403.2,843.3,583.1,312,865.3,480.1,42478.71,50486.31,14823.04,8007.6,11520540,1.01234,631862,1173.2,5386
Q1 2002,11477.9,7957.3,912.5,1770.4,5282.7,1808.7,-15.1,1076.2,1586.8,2250.4,10498.7,7309,981.3,1588.3,4739.4,1641.4,-13.4,973.4,1348.3,1936.6,91.469,91.852,178.067,189,138.2,98.6935,144339,136105,216664,5.7,130485,33.8,1.73,1.72,1.85,2.32,4.46,5.08,1131.556,10403.94,6348.79,87.267,575.6,-261.3,381.4,832.9,598.7,297.8,851.7,491.9,43068.35,51210.47,15107.1,8142.12,11593450,1.01007,645785,1191.4,5485.8
Q2 2002,11538.8,7997.8,922.1,1772.7,5310.5,1801.5,13.4,1105.5,1640.4,2272,10601.9,7403.4,986.4,1612.8,4804.1,1634.9,13.2,1005.9,1424,1968.5,91.881,92.568,179.467,189.967,138.6,100.11,144824,136360,217204,5.8,130345,33.9,1.75,1.72,1.86,2.34,4.44,5.1,1068.45,9243.26,5636.54,88.433,588.4,-307.6,360.7,830.5,613.4,284.8,843.5,506.6,41701.88,50036.97,15447.44,8335.09,11661840,1.01066,658089,1189.1,5530
Q3 2002,11596.4,8052,949.1,1777.7,5329.2,1798.4,19.8,1113.2,1667.4,2290.4,10701.7,7491.2,1010.4,1621.6,4859.2,1632.1,18.3,1020.6,1456.4,1996,92.284,93.036,180.433,190.967,138.8,100.6426,145121,136807,217868,5.7,130247,33.9,1.74,1.64,1.63,1.81,3.35,4.26,894.65,7591.93,4709.96,88.967,518.8,-310,344.7,837.3,616.9,274.6,846,511.5,40011.46,48549.37,15848.29,8537.9,11734450,1.0119,669958,1193.4,5634.6
Q4 2002,11598.8,8080.6,936.6,1800.2,5350.1,1783.9,32.9,1101.8,1697.4,2305.7,10766.9,7553.2,990.3,1648.8,4914.1,1631.4,30,1012.2,1492.1,2032.3,92.828,93.474,181.5,191.833,139.9,100.5538,145140,136652,218543,5.9,130284,33.8,1.44,1.33,1.36,1.53,3.01,4.01,887.913,8341.63,5000,89.733,568.4,-348.6,339.6,820.4,626.4,273.7,829.5,528.1,41344.84,50149.26,16244.05,8804.42,11802830,1.01759,677489,1211.2,5753.3
Q1 2003,11645.8,8122.3,937.5,1819.5,5371.8,1784.1,31.5,1091.6,1676.9,2300.9,10888.4,7646.9,979.4,1695.7,4971.8,1642.8,28.6,1012.5,1516.1,2073.6,93.496,94.147,183.367,192.467,142.6,101.2838,146020,137444,220109,5.9,130090,33.7,1.25,1.16,1.17,1.3,2.91,3.92,860.026,7992.13,4730.21,90.333,543,-381.9,336.2,818.3,632.4,274.2,823.4,545.2,41460.29,50452.96,16573.71,8992.67,11867630,1.01905,690094,1234.7,5841.6
Q2 2003,11738.7,8197.8,974.1,1828,5398.7,1829.7,-3.5,1088.2,1700.9,2335.1,11008.1,7723.8,1007.3,1674.8,5041.7,1681.7,-3.1,1011.6,1515.9,2110,93.776,94.218,183.067,192.8,142.3,100.5182,146677,137656,220774,6.1,129842,33.6,1.25,1.04,1.05,1.15,2.57,3.62,937.997,8985.44,5505.17,91.933,622.8,-427.3,346.3,839.5,646.8,282.6,841.2,557.9,43535.67,52917.99,16905.86,9382.32,11930830,1.01637,700861,1265.6,5957.6
Q3 2003,11935.5,8312.1,1013.2,1863.8,5435.7,1888.7,3,1117.6,1720.7,2342,11255.7,7882.5,1037.5,1732.3,5112.6,1740.9,4.2,1041.4,1540.8,2127.5,94.304,94.831,184.433,193.567,143.5,101.1532,146487,137544,221513,6.1,129870,33.6,1.02,0.93,1,1.22,3.14,4.23,1000.503,9275.06,5644.03,94.033,648.4,-477,345.6,865.7,679.8,284.1,866.8,590.1,44624.73,54268.77,17373.91,9644.04,11999170,1.00533,708677,1292.9,6079.7
Q4 2003,12042.8,8358,1019.8,1871.3,5467.5,1922.4,38.3,1169.7,1784.4,2343.7,11416.5,7962.8,1035,1747.6,5180.3,1787.9,35.8,1098.6,1607.8,2139.1,94.799,95.272,185.133,194.067,144.8,102.1822,146815,138273,222276,5.8,130181,33.7,1,0.92,1,1.3,3.25,4.29,1056.423,10453.9,6440.3,96.2,641.5,-374.8,343.9,882,698.2,286.6,883.9,617.4,47124.7,56972.33,17827.98,9847.63,12069790,1.00224,717752,1300.8,6069.6
Q1 2004,12127.6,8437.6,1031,1888.9,5518.3,1918.6,52.4,1197.3,1829.8,2354.9,11597.2,8105.3,1045.9,1789.2,5270.3,1802.2,51.4,1138.8,1685.1,2184.5,95.626,96.062,186.7,195,146,102.8903,146832,138489,222356,5.7,130561,33.7,1,0.92,0.98,1.22,2.99,4.02,1133.286,10357.7,6599.06,98.133,684,-432,341.9,874.4,704.5,290.8,873.8,637.6,48537.07,58586.06,18522.6,10048.99,12133300,1.00047,724006,1319.2,6115
Q2 2004,12213.8,8483.2,1038.3,1894,5551.7,1977.7,78.7,1216,1903.1,2363.5,11778.4,8209.4,1052.3,1810.5,5346.6,1880,76,1170.8,1776.9,2219,96.435,96.772,188.167,196.233,148,103.3436,147125,138902,222973,5.6,131285,33.7,1.01,1.08,1.33,1.78,3.72,4.6,1122.823,10435.5,6602.99,99.833,699.6,-405.4,345.9,902.5,731,300.9,903.5,675.6,49538.63,59899.27,19243.7,10360.63,12202650,0.99909,734005,1335.4,6243.7
Q3 2004,12303.5,8555.8,1058.7,1907.8,5589.6,2019.7,62.7,1225,1930.7,2372.1,11950.5,8330.7,1065,1834.4,5431.3,1940.6,60.8,1185.4,1821.3,2254.4,97.131,97.368,189.367,197.067,148.5,103.8226,147557,139539,223680,5.4,131623,33.7,1.43,1.49,1.75,2.08,3.51,4.3,1104.15,10080.27,6570.25,100.633,706.4,-365.2,349.4,932.5,738.4,312.4,931.5,696.6,50036.59,60674.74,19855.34,10638.15,12275070,0.99769,748859,1351.6,6308.6
Q4 2004,12410.3,8654.2,1076.1,1927.6,5650.8,2053.9,71.6,1252.9,1979.7,2357.6,12144.9,8494.9,1083.1,1888.7,5523.1,1991.8,71.5,1225.9,1912.4,2273.3,97.862,98.159,191.4,198.267,151.6,105.2605,148005,140029,224418,5.4,132208,33.7,1.95,2.01,2.23,2.47,3.49,4.17,1162.073,10783,7250.06,101.4,627,-348.7,349.7,959.8,744.2,322.4,956.7,712.6,52885.77,63894,20574.85,11008.23,12347570,0.99495,757997,1371.5,6393.4
Q1 2005,12534.1,8719,1083.3,1949.6,5686.4,2079.2,91.4,1276.2,1991,2359.9,12379.5,8609.6,1089.2,1908.1,5612.3,2040,90.7,1262.4,1939.8,2316.5,98.766,98.746,192.367,199.5,152.8,106.7183,148261,140428,225038,5.3,132660,33.7,2.47,2.54,2.79,3.06,3.88,4.3,1191.98,10503.76,7167.53,102,610.8,-263.7,356,965.6,757.7,338.4,966.8,734.8,54107.44,65313.98,21586.96,11206.54,12420460,0.99093,762833,1370.6,6430.8
Q2 2005,12587.5,8802.9,1113.6,1961.5,5727.9,2116,15.5,1303.5,2012.9,2362.4,12516.8,8747.2,1117.9,1929.4,5699.9,2099.4,15.9,1298.5,1988.7,2344.6,99.438,99.367,193.667,200.433,154,107.1698,149142,141526,225674,5.1,133390,33.7,2.94,2.86,3.09,3.34,3.87,4.16,1181.72,10274.97,7217.78,102.4,611.5,-269.2,354.6,986,775.3,346.5,988.4,764.5,55824.13,67345.94,22538.62,11521.83,12495000,0.99265,767806,1367.2,6474.4
Q3 2005,12683.2,8865.6,1126.7,1971.8,5767.1,2143,11.8,1303.9,2025.2,2383.9,12741.6,8908.8,1122.5,2002,5784.4,2155.6,11,1308.2,2042.1,2400.1,100.461,100.488,196.6,201.1,156.7,106.9835,149722,142287,226422,5,134130,33.7,3.46,3.36,3.58,3.79,4.04,4.21,1224.14,10568.7,7632.98,102.833,602.2,-262.1,347.2,1012.5,783.3,352.3,1010.6,792.6,57909.87,69776.06,23391.75,11866.23,12569820,0.99106,776374,1373.4,6562.4
Q4 2005,12748.7,8888.5,1098.4,1990.7,5798.9,2151,81,1336.7,2082,2373.4,12915.6,9010.3,1092.3,2034.2,5883.7,2194.1,82.2,1351.3,2140.6,2418.3,101.309,101.371,198.433,202.433,159.6,108.044,150032,142600,227196,5,134596,33.8,3.98,3.83,4.11,4.29,4.39,4.49,1230.467,10717.5,7753.95,104.167,651.9,-233.3,349.3,1018.2,783.5,369.7,1016.5,807.9,59579.55,71736.88,24127.72,12157.35,12642220,0.99165,784447,1376,6653.8
Q1 2006,12915.9,8986.6,1142.3,2003.7,5841,2200.2,65.8,1388.8,2121.3,2397.1,13183.5,9148.2,1132.5,2048.3,5967.4,2270.6,66,1414,2189.8,2474.5,102.071,101.798,199.433,203.7,159.6,108.9981,150556,143450,227764,4.7,135394,33.9,4.46,4.39,4.54,4.63,4.55,4.57,1283.037,11150.7,8271.79,105.033,675.6,-144.7,364.8,1060.7,775.2,396.8,1060.5,813.3,62008.62,74472.31,24747.4,12463.7,12717870,0.98467,795049,1381.8,6743
Q2 2006,12962.5,9035,1139.4,2011.6,5884.2,2189.9,72.5,1412.1,2144.9,2399.1,13347.8,9266.6,1125.1,2081.4,6060.1,2279.7,72.4,1456,2237.4,2510.5,102.973,102.563,201.3,205.467,160.7,109.6007,151123,144091,228433,4.6,135923,33.9,4.91,4.7,4.96,5.02,4.99,5.07,1281.767,11190.8,8138.86,104.533,677.2,-166.2,383.7,1066.3,740.1,428.6,1066.7,784.4,61572.35,74382.31,24801.21,12809.97,12792920,0.98692,803593,1379.7,6811.1
Q3 2006,12965.9,9090.7,1152.1,2024.5,5914.3,2162.2,67.5,1414.1,2170.5,2402.7,13452.9,9391.8,1132.4,2118.1,6141.3,2264.4,69.1,1476,2281.7,2533.3,103.756,103.312,203.167,206.767,161,110.1466,151587,144552,229166,4.6,136338,33.9,5.25,4.91,4.97,5.09,4.84,4.9,1285.59,11679.07,8469.65,104,659,-173.1,393.2,1072,697.4,447.6,1075.1,741.7,62315.23,75443.25,24880.25,13128.02,12867730,0.99243,804900,1366.3,6905.8
Q4 2006,13060.7,9181.6,1167.9,2054.7,5959.4,2132.9,31.8,1473.2,2168.1,2409.4,13611.5,9484.1,1142.2,2106.9,6235,2254.2,32.3,1538.2,2252.5,2555.2,104.218,103.294,202.3,207.833,160,109.9705,152359,145561,229896,4.4,136688,33.9,5.25,4.9,4.92,4.99,4.6,4.63,1389.477,12463.15,9139.02,104.667,654.1,-127,394.6,1079.3,660.2,461.7,1084.4,708.1,64464.39,77868.88,25270.75,13404.53,12941400,0.99087,809160,1369.8,7035.3
Q1 2007,13099.9,9265.1,1183.7,2070.3,6011.7,2118.8,14.5,1485.9,2190.8,2409.5,13795.6,9658.5,1153,2153.3,6352.2,2254.1,13.1,1564.9,2294.3,2599.3,105.31,104.245,204.314,208.995,162.6,110.4694,153050,146148,230839,4.5,137216,33.8,5.26,4.98,4.93,5.01,4.65,4.68,1425.299,12354.35,9261.82,104.767,477.4,-168.1,409.2,1078.1,631.7,489.5,1084.6,680,65008.92,78577.31,24860.6,13568.43,13012510,0.99333,812572,1370.1,7138.8
Q2 2007,13204,9291.5,1189.9,2066.1,6036.2,2137.7,23.3,1504.8,2188.1,2435.4,13997.2,9762.5,1154.9,2183.3,6424.3,2278.6,23.5,1602.1,2326.9,2657.4,106.008,105.069,206.67,210.08,166.2,111.1306,152764,145906,231482,4.5,137620,33.9,5.25,4.74,4.8,4.93,4.76,4.85,1496.43,13408.62,9873.02,104.567,533.8,-186.3,430.7,1095.2,610.4,519.9,1103.5,655.1,65948.63,79824.06,24635.7,13875.45,13087750,0.9912,818136,1374.9,7250.5
Q3 2007,13321.1,9335.6,1205,2076.8,6055.5,2135.6,29.8,1569.9,2208.3,2458.9,14179.9,9865.6,1161.4,2205.2,6499,2280.8,31,1685.2,2383.6,2700.9,106.447,105.677,207.942,211.223,166.8,111.7206,153071,145935,232210,4.6,137656,33.8,5.07,4.3,4.42,4.52,4.5,4.73,1490.813,13895.63,10039.3,104.333,495.9,-238.4,456.8,1101.3,572.9,556.1,1109.1,615.6,65883,79965.06,24055.89,14082.03,13163760,0.98819,823144,1370.9,7364.6
Q4 2007,13391.2,9363.6,1221.2,2086,6059.7,2113,10.3,1624,2188,2468.7,14337.9,10019.2,1172.7,2276.2,6570.3,2263,9.8,1771.6,2474,2748.3,107.069,107.002,210.416,212.617,170.6,111.9566,153598,146180,232937,4.8,137862,33.8,4.5,3.39,3.57,3.62,3.79,4.26,1494.092,13264.82,9740.32,103.667,472.9,-266.3,469.1,1113.3,525,575.9,1122,565.2,64483.65,78795.38,23391.4,14311.72,13241320,0.98881,825778,1376.8,7475.1
Q1 2008,13366.9,9349.6,1193.2,2070.1,6087.1,2079.2,0.6,1623.4,2174.3,2484.7,14373.9,10095.1,1145.8,2301.4,6647.9,2223,-8.2,1803.6,2548.1,2808.4,107.534,107.974,212.824,213.951,174.3,112.0106,153871,146253,232807,5,137897,33.7,3.18,2.04,2.09,2.1,2.75,3.66,1350.19,12262.89,8797.29,102.867,543.4,-453.5,476.8,1111.9,483.2,586.3,1118.7,518.1,61561.57,75976.25,22297.85,14414.74,13317920,0.99634,822025,1385.9,7621.9
Q2 2008,13415.3,9351,1175.7,2081.4,6092.5,2064.8,-37.1,1670.4,2146.5,2506.9,14497.8,10194.7,1126.5,2348.4,6719.8,2214,-49.3,1901.5,2640.2,2877.1,108.069,109.023,215.557,214.985,178.9,110.7108,154228,146032,233410,5.3,137491,33.7,2.09,1.63,1.83,2.07,3.16,3.89,1371.646,11350.01,8660.48,102.6,767,-822.5,493.2,1097.7,462.9,610.6,1109.2,494.2,59976.62,74332.19,21316.22,14355.57,13394600,0.99846,828062,1393.9,7735.5
Q3 2008,13324.6,9267.7,1139.6,2051.5,6072.4,2020.4,-29.7,1655.2,2134.4,2536.6,14546.7,10220.1,1088.5,2374.5,6757.1,2179.7,-37,1913.1,2670.5,2941.4,109.172,110.276,218.909,216.501,182.5,108.1232,154565,145241,234110,6,136700,33.6,1.94,1.49,1.82,2.12,3.11,3.86,1251.937,10850.66,7532.8,101.1,709,-724.8,493.1,1071,443.3,620.4,1090.6,468.6,56772.92,71272.63,20388.34,14499.72,13468290,1.01078,862716,1424.9,7830.5
Q4 2008,13141.9,9195.3,1076.8,2026.1,6080.4,1909.3,-37.4,1568,2038.9,2544,14347.3,10009.8,1019.9,2207.6,6782.3,2066.6,-44.5,1706.2,2296.7,2905.9,109.172,108.858,213.698,216.834,173,104.4294,154653,143924,234825,7,135019,33.4,0.51,0.3,0.73,0.99,2.18,3.25,909.8,8776.39,5757.05,99.367,619.7,-730.2,484,993.7,415,620.7,1018,427.8,51403.52,65598.5,19112.01,14195,13534010,1.02984,1406508,1528.5,8107.2
Q1 2009,12925.4,9209.2,1087.2,2035.5,6076,1687.5,-113.9,1434.5,1821,2527.2,14178,9987.7,1025.2,2172.4,6790,1817.2,-127.4,1509.3,1887.9,2879,109.691,108.453,212.493,217.67,170.6,99.0679,154235,141587,234913,8.2,132814,33.2,0.18,0.21,0.39,0.57,1.76,2.74,809.313,7608.92,4978.98,98.4,717.4,-1005.7,419.4,887.5,367.9,533.1,909.5,374.6,48522.04,62597.65,17598.7,14075.61,13582950,1.05087,1632745,1566.7,8345.3
Q2 2009,12901.5,9189,1071.7,2025.7,6078.8,1631.9,-160.2,1419.5,1749.8,2568.6,14151.2,9999.3,1011.5,2182.2,6805.6,1737.7,-176.2,1493.7,1832.8,2929.4,109.686,108.818,213.473,218.934,171.6,96.397,154811,140459,235459,9.3,131112,33.1,0.18,0.17,0.32,0.52,2.23,3.31,892.227,8447,5905.15,100.367,960.2,-1293.5,400,876.5,344.4,494.8,897,345.9,50711.04,64752.8,17966.71,14041.76,13630720,1.05652,1731939,1608.9,8400.7
Q3 2009,12973,9252.6,1122.7,2033.3,6090.6,1626.7,-139.2,1478.8,1836.2,2585.5,14242.1,10132.9,1051.3,2241,6840.6,1712.6,-156.5,1573.8,1976,2955.4,109.783,109.514,215.417,219.752,173,97.9135,154235,139339,236093,9.6,130078,33.1,0.16,0.16,0.25,0.45,2.47,3.52,996.697,9712.28,6910.88,103.267,919.5,-1368.5,380.2,879.8,359.6,457.9,895.9,358.8,53493.48,67520.31,18261.38,14026.86,13677320,1.05097,1723604,1653,8434.2
Q4 2009,13149.5,9289.5,1123.7,2053.4,6105.9,1646.6,-19.7,1556.8,1904.8,2576.9,14453.8,10236.4,1052,2285.1,6899.3,1731.4,-23.6,1680.1,2129.7,2959.2,109.919,110.193,216.813,220.59,175.8,99.4818,153544,138138,236739,10,129639,33.1,0.12,0.06,0.16,0.35,2.3,3.46,1088.703,10428.05,7184.96,105.933,956,-1307.7,361.7,918.9,362.9,434.1,932.8,364.5,54176.23,68177.5,18206.89,14001.31,13724680,1.04751,1991020,1684.2,8505
Q1 2010,,,,,,,,,,,,,,,,,,,,,,,,,,,,,,,,,,,,,,,,,,,,,,,,,,,,,,,13772500,1.04474,,,
