Name,US GDP (AR) CONA,US PERSONAL CONSMPTN. EXPENDITURES (QUARTERLY SERIES) (AR) CONA,US PERSONAL CONSUMPTION EXPENDITURES - DURABLES (AR) CONA,US PERSONAL CONSUMPTION EXPENDITURES - NONDURABLES(AR) CONA,US PERSONAL CONSUMPTION EXPENDITURES - SERVICES (AR) CONA,US PRIVATE DOMESTIC FIXED INVESTMENT (AR) CONA,US CHANGE IN PRIVATE INVENTORIES (NIA) (AR) CONA,US EXPORTS OF GOODS & SERVICES (NIA) (AR) CONA,US IMPORTS OF GOODS & SERVICES (NIA) (AR) CONA,US GOVERNMENT CONSUMPTION & INVESTMENT (AR) CONA,US GDP - (AR) CURA,US PERSONAL CONSMPTN. EXPENDITURES (QUARTERLY SERIES) (AR) CURA,US PERSONAL CONSUMPTION EXPENDITURES - DURABLES (AR) CURA,US PERSONAL CONSUMPTION EXPENDITURES - NONDURABLES(AR) CURA,US PERSONAL CONSUMPTION EXPENDITURES - SERVICES (AR) CURA,US PRIVATE DOMESTIC FIXED INVESTMENT (AR) CURA,US CHANGE IN PRIVATE INVENTORIES (NIA) (AR) CURA,US EXPORTS OF GOODS & SERVICES (NIA) (AR) CURA,US IMPORTS OF GOODS & SERVICES (NIA) (AR) CURA,US GOVERNMENT CONSUMPTION & INVESTMENT (AR) CURA,US IMPLICIT DEFLATOR - GDP SADJ,US IPD - PERSONAL CONSUMPTION EXPENDITURES SADJ,US CPI - ALL URBAN: ALL ITEMS SADJ,US CPI - ALL ITEMS LESS FOOD & ENERGY (CORE) SADJ,US PPI - FINISHED GOODS SADJ,US INDUSTRIAL PRODUCTION - TOTAL INDEX VOLA,"US CIVILIAN LABOR FORCE, (16 YRS & OVER) VOLA",US TOTAL CIVILIAN EMPLOYMENT VOLA,US CIVILIAN NONINSTITUTIONAL POPULATION - 16 YRS & OVER VOLN,US UNEMPLOYMENT RATE SADJ,US EMPLOYED - NONFARM INDUSTRIES TOTAL (PAYROLL SURVEY) VOLA,US AVG WKLY HOURS - TOTAL PRIVATE NONFARM VOLA,US FEDERAL FUNDS RATE (AVG.),US TREASURY BILL SECONDARY MARKET RATE ON DISCOUNT BASIS-3 MONTH,US TREASURY BILL SECONDARY MARKET RATE ON DISCOUNT BASIS-6 MONTH,US TREASURY YIELD ADJUSTED TO CONSTANT MATURITY - 1 YEAR,US TREASURY YIELD ADJUSTED TO CONSTANT MATURITY - 5 YEAR,US TREASURY YIELD ADJUSTED TO CONSTANT MATURITY - 10YEAR,US STANDARD & POOR'S INDEX OF 500 COMMON STOCKS(MONTHLY AVE NADJ,US DOW JONES INDUSTRIALS SHARE PRICE INDEX (EP) NADJ,US NEW YORK STOCK EXCHANGE COMPOSITE SHARE PRICE INDEX,US THE CONFERENCE BOARD LEADING ECONOMIC INDICATORS INDEX SADJ,US NET PRIVATE SAVING CURA,US NET GOVERNMENT SAVING CURA,US NONRESIDENTIAL PRIVATE FIXED INVESTMENT- STRUCTURES (AR) CONA,US NONRESL.PRIVATE FIXED INVESTMENT-EQUIPMENT & SOFTWARE(AR),US RESIDENTIAL PRIVATE DOMESTIC INVESTMENT (AR) CONA,US NONRESIDENTIAL PRIVATE FIXED INVESTMENT- STRUCTURES (AR) CURA,US NONRESIDENTIAL PRIV FIXED INVEST-EQUIPMENT & SOFTWARE(AR),US RESIDENTIAL PRIVATE DOMESTIC INVESTMENT (AR) CURA,US NET WORTH - HOUSEHOLDS & NONPROFITS (FOF) CURN,US TOTAL ASSETS - HHOLDS & NONPROFITS CURN,US FINANCIAL LIABILITIES - HOUSEHOLDS & NONPROFITS(FOF) CURN,"US GDP IN REAL TERMS,POTENTIAL OUTPUT (AR) CONA",US RATIO OF POTENTIAL AND ACTUAL REAL GDP (AR) SADJ
Code,USGDP...D,USCNPER.D,USCNDURBD,USCNNONDD,USCNSERVD,USGFCF..D,USINVCH.D,USEXNGS.D,USIMNGS.D,USCNGOV.D,USGDP...B,USCNPER.B,USCNDURBB,USCNNONDB,USCNSERVB,USGFCF..B,USINVCH.B,USEXNGS.B,USIMNGS.B,USCNGOV.B,USGDPIPDE,USIPDCONE,USCONPRCE,USCPXFDEE,USPROPRCE,USIPTOT.G,USLABFRCE,USEMPTOTO,USCIVILPF,USUN%TOTQ,USEMPALLO,USHKIP..O,USFEDFUN,USTRB3AV,USYTB6SM,USTRCN1.,USTRCN5.,USTRCN10,US500STK,USSHRPRCF,USNYSCOM,USCYLEAD,USSVNP..B,USFSLBALB,USNRSSTRD,USINVPDED,USGPDRESD,USNRSSTRB,USINVPDEB,USGPDRESB,US15XXWAA,US15XFTAA,US15XXXLA,USOCFPGDD,USOCFRGDQ
Q1 1950,1696.8,1118.9,70.8,498.4,530.1,197.3,6.6,48.3,50.9,397.9,275.2,183.1,27.7,94.8,60.6,42.3,2,11.7,9.5,45.6,16.222,16.364,23.587,#NA,27.2,15.873,61651,57705,104733,6.4,43593,#NA,#NA,1.1,#NA,#NA,#NA,#NA,17.147,206.05,#NA,#NA,27.6,-7.4,76.9,41.5,132.6,9.1,15.1,18.1,#NA,#NA,#NA,#NA,#NA
Q2 1950,1747.3,1136.8,71.2,503.7,545.5,215.6,9.5,48.9,53.7,404.3,284.6,187,28.1,96.3,62.5,47,2.8,11.9,10.2,46.1,16.286,16.449,23.767,#NA,27.5,17.205,62220,58761,105020,5.6,44726,#NA,#NA,1.15,#NA,#NA,#NA,#NA,18.34,209.11,#NA,#NA,24.3,3.5,80.8,46.2,145.4,9.5,17.1,20.4,#NA,#NA,#NA,#NA,#NA
Q3 1950,1815.8,1195.3,89.1,512.7,553.2,231.7,12.7,50.1,66.3,396.7,302,200.7,35.6,100.9,64.2,52,4.2,12.3,13,45.9,16.63,16.79,24.203,#NA,28.5,18.588,62355,59458,105248,4.6,46027,#NA,#NA,1.22,#NA,#NA,#NA,#NA,18.297,226.36,#NA,#NA,18.2,15.3,85.5,51.1,153.4,10.3,19.3,22.3,#NA,#NA,#NA,#NA,#NA
Q4 1950,1848.9,1160.1,77.8,501.9,559.6,226.9,40.7,54.1,66.4,422.3,313.4,198.1,31.5,100.9,65.7,51.9,14,13.5,13.7,49.5,16.95,17.079,24.693,#NA,29.5,18.909,62261,59643,104982,4.2,46782,#NA,#NA,1.34,#NA,#NA,#NA,#NA,19.817,235.41,#NA,#NA,27.4,15.9,87.6,50.3,146.2,11,19.6,21.3,#NA,#NA,#NA,#NA,#NA
Q1 1951,1871.3,1187.4,80.2,514.6,569.1,218.4,25.2,56.9,66.4,467.2,329,209.4,33.8,107.8,67.8,51.7,10.4,15,14.9,57.4,17.582,17.635,25.697,#NA,30.7,19.29,62082,59899,104692,3.5,47579,#NA,#NA,1.37,#NA,#NA,#NA,#NA,21.613,247.94,#NA,#NA,18.8,19.9,87.9,48.2,138.4,11.5,19.4,20.8,#NA,#NA,#NA,#NA,#NA
Q2 1951,1903.1,1154.5,68.2,508.8,573,208.4,36.7,62.5,64.2,531.4,336.7,205.1,28.9,107.4,68.8,50.1,14.8,17.1,15.2,64.7,17.69,17.769,25.947,#NA,31,19.35,61822,59899,104507,3.1,47958,#NA,#NA,1.49,#NA,#NA,#NA,#NA,21.8,242.64,#NA,#NA,32,12.5,90.9,48.3,119.8,12.2,19.7,18.2,#NA,#NA,#NA,#NA,#NA
Q3 1951,1941.1,1167.9,66.8,520.2,578.2,205,24.1,64,58.8,591.5,343.6,207.8,28.3,109.4,70,49.6,9.7,18.1,14.3,72.6,17.7,17.793,25.933,#NA,30.7,18.889,61938,59954,104543,3.2,48008,#NA,#NA,1.6,#NA,#NA,#NA,#NA,22.767,271.16,#NA,#NA,34.2,7.7,90.4,49.3,112.1,12.3,20.2,17.2,#NA,#NA,#NA,#NA,#NA
Q4 1951,1944.4,1174.9,66.2,526,580.3,202.9,10.3,63.4,57.2,623.9,348,211.8,28.4,112,71.3,49.6,4.7,18.2,14,77.6,17.896,18.025,26.317,#NA,30.9,19.019,62225,60114,104747,3.4,48155,#NA,#NA,1.61,#NA,#NA,#NA,#NA,23.16,269.23,#NA,#NA,33.4,8.7,86.9,48.8,113.2,11.9,20.2,17.5,#NA,#NA,#NA,#NA,#NA
Q1 1952,1964.7,1178.1,66.9,522.6,588.2,205.3,13,66.8,63.9,643.7,351.3,213.1,28.9,111.4,72.8,50.5,4.7,18.7,15,79.2,17.879,18.092,26.417,#NA,30.8,19.46,62191,60277,104863,3.1,48442,#NA,#NA,1.57,#NA,#NA,#NA,#NA,23.917,269.46,#NA,#NA,32.4,9.8,87,49.1,116.1,12,20.4,18,1153.41,1239.39,85.97,#NA,#NA
Q2 1952,1966,1200.7,68.1,534.9,595.8,208.1,-3.2,59.4,63.6,665.3,352.2,217.3,29.1,113.7,74.4,51.4,-1.5,16.6,14.6,83.1,17.913,18.096,26.487,#NA,30.7,19.179,61960,60108,105007,3,48516,#NA,#NA,1.65,#NA,#NA,#NA,#NA,23.95,274.26,#NA,#NA,29.6,5.8,87.6,49.8,118.3,12.1,20.8,18.5,1173.9,1264.05,90.15,#NA,#NA
Q3 1952,1978.8,1206,63.6,543.5,604,195.4,14.5,54.7,67.4,672,358.5,219.8,27.6,115.9,76.3,48.3,5.6,15.2,15.3,84.9,18.119,18.223,26.667,#NA,30.7,19.74,62099,60094,105343,3.2,48795,#NA,#NA,1.78,#NA,#NA,#NA,#NA,25.013,270.61,#NA,#NA,32.8,4.4,88.4,42.4,117.1,12.2,17.7,18.5,1184.86,1278.02,93.16,#NA,#NA
Q4 1952,2043.8,1248.3,75.2,550.8,613.6,210.2,14.4,55.2,73.4,684.1,371.4,227.9,31.7,117.9,78.3,51.9,5.3,15.3,16.3,87.4,18.172,18.258,26.697,#NA,30.4,21.153,62361,60611,105703,2.8,49859,#NA,#NA,1.89,#NA,#NA,#NA,#NA,25.11,291.9,#NA,#NA,32.2,7,91.7,47.8,123.4,12.6,19.9,19.4,1185.75,1283.38,97.64,#NA,#NA
Q1 1953,2082.3,1263.4,78.1,555,618.8,218.7,11.7,54.2,71.7,707.1,378.4,231.5,33.3,118.1,80.1,54,3.9,15.1,15.8,89.7,18.172,18.325,26.62,#NA,30.3,21.574,63539,61831,106672,2.7,50319,#NA,#NA,1.98,#NA,#NA,#NA,#NA,26.01,279.87,#NA,#NA,32.9,7.2,94.5,51.1,125.3,13.1,21.2,19.7,1193.47,1293.42,99.94,#NA,#NA
Q2 1953,2098.1,1271.2,77.6,557.5,627.2,219.9,11.4,54.5,75.4,722.6,382,233.3,33.1,118.1,82.1,54.6,3.6,15.2,16.4,91.8,18.206,18.351,26.72,#NA,30.3,21.875,62948,61306,106905,2.6,50482,#NA,#NA,2.15,#NA,2.43,2.81,3,24.5,268.26,#NA,#NA,33.2,6.7,96.3,51.1,125.6,13.5,21.3,19.8,1191.99,1296.42,104.43,#NA,#NA
Q3 1953,2085.4,1268.2,77.2,553.6,630.9,220,7,56.7,75.1,713.9,381.1,234,32.7,117.6,83.8,55.1,2.3,15.8,16.3,90.3,18.276,18.453,26.843,#NA,30.4,21.895,62867,61151,107140,2.7,50463,#NA,#NA,1.96,#NA,2.29,2.75,2.92,23.983,264.04,#NA,#NA,32.2,7,96.8,52.8,120.9,13.7,22.1,19.2,1203.74,1310.79,107.04,#NA,#NA
Q4 1953,2052.5,1259.7,74.8,553.2,627,217.7,-6,54.8,71.4,711.9,375.9,233.5,31.8,117.5,84.2,54.4,-2,15.2,15.5,90.5,18.316,18.534,26.89,#NA,30.4,20.863,62870,60536,107503,3.7,49950,#NA,#NA,1.47,#NA,1.71,2.39,2.64,24.433,280.9,#NA,#NA,30.1,0.4,98.6,51.2,119.9,14,21.4,18.9,1219.71,1330.09,110.38,#NA,#NA
Q1 1954,2042.4,1264.3,72.5,557.3,634.3,214.2,-5.3,52.4,67.3,692.6,375.3,235.5,31.1,118.7,85.7,53.5,-2,14.4,14.8,88.6,18.375,18.628,26.953,#NA,30.4,20.201,63629,60291,107877,5.3,49335,#NA,1.17,1.06,#NA,1.23,2.05,2.44,26.017,303.51,#NA,#NA,32.7,0.2,99.5,48.4,121.1,13.9,20.6,19,1240.76,1350.92,110.16,#NA,#NA
Q2 1954,2044.3,1280.1,76.1,555.4,647.5,217.7,-8.5,59.9,73.3,668,376,238.3,31.8,118.8,87.6,54.6,-3.4,16.4,16.2,86.2,18.392,18.614,26.91,#NA,30.5,20.121,63651,59962,108177,5.8,49013,#NA,0.8,0.79,#NA,0.88,1.9,2.35,28.44,333.53,#NA,#NA,31,1.4,100.3,47.3,129,13.9,20.4,20.3,1260.53,1375.06,114.53,#NA,#NA
Q3 1954,2066.9,1297.1,76.5,562.6,658.3,226.4,-6.8,58,68.9,651.9,380.8,240.7,31.4,119.9,89.4,56.8,-2.1,15.9,15.3,84.8,18.425,18.558,26.84,#NA,30.4,20.221,63739,59926,108443,6,48847,#NA,1.03,0.88,#NA,0.92,1.9,2.35,30.77,360.46,#NA,#NA,30.8,1.7,100,49.5,136.8,13.9,21.1,21.8,1296.1,1413.5,117.39,#NA,#NA
Q4 1954,2107.8,1324,81.4,572,665.3,231.5,-2.6,60.6,69.6,647.8,389.5,245.5,33.2,121.3,91,58.1,-0.3,16.6,15.5,85,18.477,18.543,26.757,#NA,30.3,20.783,63669,60248,108786,5.3,49151,#NA,0.99,1.02,#NA,1.17,2.09,2.47,33.53,404.39,#NA,#NA,33.2,3.1,99.6,49.5,145.5,13.8,21.1,23.2,1312.73,1435.37,122.65,#NA,#NA
Q1 1955,2168.5,1353.5,89,576.3,675.8,240.9,10.1,62.9,73.7,647.1,402.6,251.8,36.5,122.3,93,60.4,3.8,17.3,16.2,85.4,18.566,18.607,26.793,#NA,30.4,21.905,63829,60815,109130,4.7,49701,#NA,1.34,1.22,#NA,1.52,2.39,2.65,36.297,409.7,#NA,#NA,34.2,6.6,102.7,49.9,156.3,14.3,21.1,25,1332.48,1458.41,125.93,#NA,#NA
Q2 1955,2204,1379.1,94,586.2,680.1,251.2,14.9,61.4,77.9,640.5,410.9,256.9,38.8,124,94.1,63.5,4.6,16.9,17.1,86,18.644,18.63,26.757,#NA,30.4,22.857,64476,61643,109534,4.4,50516,#NA,1.5,1.48,#NA,1.85,2.57,2.76,38.38,451.38,#NA,#NA,36.6,10,105.3,54.3,158.6,14.7,23.1,25.6,1368.08,1500.95,132.87,#NA,#NA
Q3 1955,2233.4,1396.1,97.2,590.7,686.5,256.8,13.6,65.5,79.1,644.5,419.5,261.1,40.5,125,95.6,65.7,4.3,18.1,17.4,87.7,18.783,18.704,26.777,#NA,30.4,23.208,65451,62753,109884,4.1,51120,#NA,1.94,1.86,#NA,2.25,2.81,2.95,43.153,466.62,#NA,#NA,38,8.7,108.7,57.7,155.2,15.4,25,25.2,1406.41,1544.94,138.52,#NA,#NA
Q4 1955,2245.3,1413.3,94.3,602.9,699.6,257,18.8,65.8,82,630.5,426,265.1,39.4,127.5,98.2,66.6,7.2,18.3,18.1,86.8,18.973,18.761,26.857,#NA,30.6,23.759,66101,63311,110186,4.2,51609,#NA,2.36,2.34,#NA,2.53,2.83,2.91,44.143,488.4,#NA,#NA,38,11.7,111.4,59.4,148.6,16.2,26.3,24.2,1425.2,1569.05,143.86,#NA,#NA
Q1 1956,2234.8,1415.5,89.9,609,706.7,251.5,15.9,68.9,85.4,630,428.3,266.7,37.7,129.1,99.9,66.6,6.4,19.4,18.9,88.2,19.165,18.84,26.86,#NA,30.8,23.849,66239,63561,110483,4,52146,#NA,2.48,2.33,#NA,2.56,2.84,2.9,45.357,511.79,#NA,#NA,39,12.8,114.9,56.5,144.7,17.4,25.4,23.7,1467.47,1613.16,145.69,#NA,#NA
Q2 1956,2252.5,1420.2,90,607.3,715,253.5,11,73.5,85,643.3,434.2,269.4,37.8,130,101.6,67.8,3.6,20.9,19,91.5,19.276,18.967,27.037,#NA,31.2,23.749,66563,63765,110788,4.2,52488,#NA,2.69,2.57,#NA,2.87,3.08,3.08,46.953,492.78,#NA,#NA,40.6,11.2,119,56.6,143.8,18,25.9,23.9,1473.6,1624.58,150.98,#NA,#NA
Q3 1956,2249.8,1423.4,88.3,607.8,723.7,253.2,8.5,76,85.8,637.3,439.3,272.6,37.6,131.3,103.7,68.9,3.6,21.8,19.3,91.6,19.524,19.154,27.317,#NA,31.4,23.618,66713,63950,111113,4.1,52395,#NA,2.81,2.58,#NA,3.07,3.33,3.27,48.037,475.25,#NA,#NA,42,12.2,119.7,57.1,141,18.6,26.8,23.5,1488.58,1643.02,154.44,#NA,#NA
Q4 1956,2286.5,1442.8,91.2,612.3,734.2,251.4,7.5,79.4,81.9,653.6,448.1,278,39.4,132.7,105.8,69,2.2,23.1,18.5,94.4,19.599,19.268,27.55,#NA,31.9,24.48,66634,63894,111431,4.1,52844,#NA,2.93,3.03,#NA,3.47,3.55,3.47,46.147,499.47,#NA,#NA,42.4,11.6,119.5,57,138.8,18.7,27.2,23,1521.11,1680.26,159.15,#NA,#NA
Q1 1957,2300.3,1452.7,93.1,614.3,738.8,251.4,4,84.6,88.4,667.2,457.2,282.4,40.6,134.5,107.4,69.6,2.2,24.9,20.1,98.2,19.876,19.442,27.777,28.6,32.1,24.711,66740,64098,111720,3.9,53047,#NA,2.93,3.1,#NA,3.39,3.44,3.4,44.31,474.81,#NA,#NA,42.5,10.9,118.4,58,136.8,18.8,28.2,22.6,1527.38,1687.71,160.33,#NA,#NA
Q2 1957,2294.6,1455.1,90.7,617.3,744.6,249,5.9,82.1,89.1,662.8,459.2,284.7,40.1,135.8,108.8,69.3,2.7,24.4,20.3,98.4,20.012,19.568,28.013,28.833,32.4,24.4,66798,64076,112045,4.1,53151,#NA,3,3.14,#NA,3.54,3.67,3.63,46.46,503.29,#NA,#NA,44,8.6,118.3,57.8,133.5,19,28.1,22.2,1560.62,1725.96,165.34,#NA,#NA
Q3 1957,2317,1467,90,626.3,749.2,251.5,8.6,79.8,87.3,668,466.4,289.3,39.8,139.2,110.4,70.4,2.8,23.8,19.8,99.9,20.131,19.722,28.263,29.033,32.6,24.49,67035,64207,112431,4.2,53061,#NA,3.23,3.35,#NA,3.96,4.01,3.93,46.11,456.3,#NA,#NA,43.1,8.5,118.4,59.8,131.7,19.1,29.3,22,1551.38,1719.85,168.47,#NA,#NA
Q4 1957,2292.5,1467.8,88.9,623.3,758.1,246.9,-8,77.3,87.5,680.2,461.5,291,39.4,138.9,112.7,69.4,-4.5,23,19.6,102.3,20.133,19.822,28.4,29.267,32.9,23.458,67196,63879,112866,4.9,52569,#NA,3.25,3.31,#NA,3.59,3.63,3.63,40.64,435.69,#NA,#NA,39.3,2,117.7,57.5,131.5,18.9,28.6,21.9,1556.13,1727.68,171.55,#NA,#NA
Q1 1958,2230.2,1447.3,82.8,615.8,759.9,231.6,-10,69.7,88.8,672.5,454,290.5,37.4,139.5,113.6,64.5,-4,20.5,19.5,101.8,20.355,20.074,28.737,29.4,33.3,22.135,67173,62950,113236,6.3,51651,#NA,1.86,1.76,#NA,2.16,2.77,3.04,41.497,446.76,#NA,#NA,38.3,-0.5,115.5,51.3,126.3,18.1,25.5,20.9,1588.08,1758.89,170.81,#NA,#NA
Q2 1958,2243.4,1458.9,81.4,620.3,772.9,225.1,-8.7,70,92.5,689.4,458.1,293.4,36.6,140.8,116,63,-4.2,20.5,20.1,105.4,20.419,20.114,28.93,29.533,33.2,21.765,67739,62745,113532,7.4,50950,#NA,0.94,0.96,#NA,1.35,2.44,2.92,43.597,478.18,#NA,#NA,38.2,-5.7,111.7,48.7,126.6,17.6,24.4,21,1612.85,1787.21,174.36,#NA,#NA
Q3 1958,2295.2,1482.2,83,630.8,783.4,228.3,4.4,70.2,91.3,693.6,471.7,298.5,37.3,142.8,118.4,63.9,1.5,20.6,19.7,106.9,20.553,20.137,28.913,29.633,33.2,22.917,67954,62979,113846,7.3,51259,#NA,1.32,1.68,#NA,2.39,3.25,3.5,47.547,532.09,#NA,#NA,42.4,-3.8,109.1,48.3,135.9,17.3,24.1,22.5,1667.01,1844.76,177.75,#NA,#NA
Q4 1958,2348,1500.9,86.1,638.3,787.8,242.3,11.5,70.1,96.4,708.3,485,302.3,38.5,143.9,119.9,68,5.2,20.6,20.8,109.7,20.656,20.143,28.943,29.8,33.2,23.949,67814,63498,114283,6.4,51839,#NA,2.16,2.69,#NA,3.19,3.77,3.8,52.313,583.65,#NA,#NA,46.2,0.2,110.8,50.8,150.3,17.6,25.5,24.9,1698.1,1881.71,183.61,#NA,#NA
Q1 1959,2392.9,1525.9,91,645,796.6,257.2,9.2,74.7,98.3,703.7,495.4,310,41.5,146.1,122.4,72.3,3.9,21.8,21.4,108.9,20.704,20.315,28.993,29.933,33.2,25.001,67884,63940,114714,5.8,52728,#NA,2.57,2.77,3.12,3.5,3.99,3.99,55.513,601.71,#NA,41.867,46.1,6.3,110.4,53.6,167.4,17.4,27.1,27.8,1717.27,1903.44,186.17,#NA,#NA
Q2 1959,2455.8,1551.7,94.6,650.6,812.1,265.6,23.4,77.2,103.3,714.4,508.4,316,43.2,147.6,125.1,74.9,7.3,22.6,22.5,110.2,20.704,20.364,29.043,30.1,33.2,26.214,68265,64772,115139,5.1,53516,#NA,3.08,3,3.37,3.92,4.32,4.26,57.507,643.6,#NA,42.533,49.8,8.8,113.8,55.3,173.4,18,28.1,28.8,1744.14,1937.37,193.23,#NA,#NA
Q3 1959,2453.9,1569.2,96.5,654.2,824.2,268.8,2.7,79.6,104.5,723.4,509.3,321.2,44.1,149.3,127.8,76.1,0.4,23.5,22.9,111,20.753,20.469,29.193,30.233,33.2,25.142,68505,64875,115551,5.3,53523,#NA,3.58,3.54,4.13,4.6,4.68,4.5,58.73,631.68,#NA,42.367,42.8,7.1,117.2,57.1,170.1,18.6,29.1,28.3,1755.15,1954.41,199.26,#NA,#NA
Q4 1959,2462.6,1571.4,91.6,658.7,835,265.2,14,77.4,101.8,715.6,513.2,323.3,41.8,150.9,130.6,75.2,4.1,23.1,22.5,110,20.84,20.575,29.37,30.433,33,25.262,68783,64927,115918,5.6,53723,#NA,3.99,4.23,4.64,4.92,4.83,4.58,57.763,679.36,#NA,42.033,45.6,6.4,116.3,57,165.1,18.5,29.2,27.5,1787.04,1993.18,206.15,#NA,#NA
Q1 1960,2517.4,1585.6,94.7,658.4,844.9,274.5,34.2,87.2,105.6,701.3,526.9,326.9,43.2,150.8,132.8,77.9,11.2,26,23.3,108.3,20.931,20.615,29.397,30.567,33.2,26.785,68770,65213,116708,5.1,54415,#NA,3.93,3.87,4.22,4.57,4.64,4.49,56.277,616.59,#NA,41.933,47.6,16,121.1,59,169.9,19.4,30.2,28.4,1790.49,1997.7,207.22,#NA,#NA
Q2 1960,2504.8,1605.1,96.9,666,853,268.9,9.7,92.7,106.3,707,526.1,332.7,44.1,153.6,135,76.5,3.2,27.6,23.5,109.5,21.004,20.729,29.573,30.633,33.4,26.204,69713,66061,117037,5.2,54544,#NA,3.7,2.99,3.29,3.87,4.3,4.26,56.07,640.62,#NA,41.633,43,12.4,122.6,60.1,155.9,19.5,30.9,26.1,1807.15,2021.05,213.91,#NA,#NA
Q3 1960,2508.7,1598.5,96.1,661.4,853.3,261.7,14,90.4,103.1,724.1,528.9,332.7,43.6,153,136.1,74.4,4.3,27,22.9,113.4,21.084,20.812,29.59,30.6,33.4,25.773,69912,66024,117411,5.5,54268,#NA,2.94,2.36,2.71,3.07,3.67,3.83,55.72,580.14,#NA,41.767,44.2,10.9,122.8,57.6,151.2,19.4,29.6,25.3,1795.1,2013.55,218.45,#NA,#NA
Q4 1960,2476.2,1600.3,93.6,662,862.1,260.7,-16.3,92.2,98.3,729.1,523.6,334.6,42.4,153.9,138.3,73.9,-5.8,27.5,21.7,115.1,21.146,20.909,29.78,30.767,33.7,25.152,70239,65840,117824,6.3,53950,#NA,2.3,2.31,2.63,2.99,3.75,3.89,55.333,615.89,#NA,41.667,42.3,6.6,127.5,55.6,151,20,28.6,25.3,1848.72,2072.55,223.83,#NA,#NA
Q1 1961,2491.2,1600.2,88,666.3,871.3,257.4,-7.2,91.6,97.8,738.6,527.9,335.1,39.9,155.2,140.1,72.8,-2.5,27.5,21.7,116.7,21.192,20.944,29.84,30.833,33.6,24.771,70523,65738,118254,6.8,53634,#NA,2,2.35,2.54,2.87,3.64,3.79,62.003,676.63,#NA,42.367,45,6.6,126.9,53.8,151.6,19.9,27.6,25.3,1902.3,2126.97,224.68,#NA,#NA
Q2 1961,2538,1624.2,89.9,673.3,887.2,261.2,6.2,90.3,99,740.3,539,340.1,40.9,156,143.2,74,1.8,27.4,21.9,117.6,21.237,20.939,29.83,30.933,33.3,25.753,70532,65605,118636,7,53795,#NA,1.73,2.3,2.49,2.94,3.62,3.79,65.983,683.96,#NA,43.667,48.4,4.8,124.8,56.4,152.1,19.6,28.8,25.5,1919.96,2150.61,230.65,#NA,#NA
Q3 1961,2579.1,1632.1,92.1,673.7,890.6,267.4,21.3,89.8,105.6,754.9,549.4,343,42.1,156.5,144.4,75.7,6.7,27.2,23.3,120.2,21.303,21.016,29.947,31.067,33.3,26.575,70429,65667,119001,6.8,54270,#NA,1.68,2.3,2.6,3.01,3.9,3.98,66.83,701.21,#NA,44.6,52.7,7,124.8,57.1,160.3,19.7,29.1,26.9,1954.34,2189.16,234.82,#NA,#NA
Q4 1961,2631.8,1664.9,96.7,683.2,906.7,276.4,17.6,92.6,108.1,771.4,562.5,350.3,44.2,158.6,147.5,78.2,6,28.3,23.9,123.6,21.375,21.039,29.99,31.167,33.4,27.506,70315,65967,119190,6.2,54712,#NA,2.4,2.46,2.75,3.1,3.84,3.97,70.273,731.14,#NA,45.7,54.7,9.3,124.2,60.6,165.7,19.6,30.8,27.8,2006.48,2248.36,241.88,#NA,#NA
Q1 1962,2679.1,1682.7,98.9,689.3,914.8,282.4,27.9,92.4,111.4,785.2,576,355.6,45.2,160.6,149.8,80,9.4,28.3,24.3,127.2,21.501,21.13,30.107,31.233,33.5,27.917,70337,66380,119379,5.6,55118,#NA,2.46,2.72,2.91,3.21,3.84,4.02,69.86,706.95,#NA,46.433,58.8,7.3,126.5,62.2,168.7,20,31.6,28.4,2018.78,2261.95,243.17,#NA,#NA
Q2 1962,2708.4,1703.1,101.4,692.5,929.4,290.9,17.5,101.3,113.8,789.4,583.2,361.2,46.4,161.9,152.8,82.5,5.4,30.7,24.9,128.3,21.533,21.208,30.22,31.367,33.4,28.188,70448,66577,119819,5.5,55624,#NA,2.61,2.72,2.8,3.02,3.63,3.87,62.223,561.28,#NA,46.267,57.9,7.2,131.1,63.7,174,20.8,32.4,29.2,1917.41,2167.7,250.29,#NA,#NA
Q3 1962,2733.3,1717,102.3,697.7,937.7,293.3,20.5,95.6,115.2,807.3,590,365.1,46.9,163.4,154.7,83.1,6.2,29,25.1,131.8,21.585,21.262,30.307,31.467,33.6,28.488,70812,66881,120368,5.6,55854,#NA,2.85,2.84,3,3.18,3.74,3.99,57.83,578.98,#NA,46.433,57.5,8.7,134.5,64,173.8,21.4,32.5,29.2,1955.39,2211.8,256.41,#NA,#NA
Q4 1962,2740,1741.5,107.1,701.9,950,291.8,12,93.5,116.6,808.5,593.3,371.3,48.9,165.2,157.2,82.6,3.4,28.4,25.6,133.2,21.653,21.324,30.38,31.533,33.6,28.729,70881,66969,121046,5.5,56041,#NA,2.92,2.81,2.88,3,3.6,3.9,59.617,652.1,#NA,47.233,57.5,7.9,131.3,64.3,173.6,20.9,32.6,29.1,2059.95,2323.97,264.03,#NA,#NA
Q1 1963,2775.9,1753.1,109.4,704.8,954.4,295.2,24.1,95.7,113.9,803.6,602.4,374.9,50,166.3,158.6,83.6,6.9,29.1,25.2,133.2,21.702,21.385,30.477,31.6,33.4,29.26,71277,67149,121640,5.8,56223,#NA,2.97,2.91,2.96,3.03,3.64,3.89,65.55,682.52,#NA,48.133,57.6,9.5,126.7,65.6,179.9,20.2,33.2,30.2,2104.62,2371.37,266.74,#NA,#NA
Q2 1963,2810.6,1770,111.9,707.8,965.1,308.9,16,106.9,116.6,802.6,611.2,379,51.3,167,160.8,87.3,4.8,32.4,25.9,133.4,21.745,21.415,30.533,31.733,33.4,30.032,71718,67635,122167,5.7,56618,#NA,2.96,2.94,3.02,3.14,3.76,3.96,69.67,706.88,#NA,49.067,59.1,11.8,132.6,67.1,192.8,21.2,33.9,32.2,2133.72,2410.06,276.33,#NA,#NA
Q3 1963,2863.5,1794,113.1,713.5,984.5,316.9,18.5,101.2,119.6,837,623.9,386,52,169.4,164.6,89.3,5.7,30.6,26.7,139,21.788,21.517,30.72,31.867,33.4,30.232,71958,67996,122670,5.5,56928,#NA,3.33,3.29,3.42,3.53,3.91,4.03,70.967,732.79,#NA,49.4,58.9,11.9,133.6,70.1,196.4,21.4,35.4,32.5,2172.21,2456.24,284.03,#NA,#NA
Q4 1963,2885.8,1809.3,115.1,713.9,998.1,327,13.3,106.3,119.2,829.4,633.5,390.7,53.1,169.9,167.7,92.3,5.1,32.2,26.8,139.9,21.951,21.595,30.803,32.033,33.5,30.743,72296,68258,123189,5.6,57300,#NA,3.45,3.5,3.63,3.73,4.01,4.12,73.273,762.95,#NA,50.033,63.1,11.1,136.3,72.9,202.4,21.9,36.8,33.7,2165,2457.93,292.94,#NA,#NA
Q1 1964,2950.5,1845.2,119.4,727.4,1013.3,339.5,14.5,112.8,119.1,832.3,649.6,400.3,55.2,174,171.1,95.5,5.1,34.2,27,141.3,22.016,21.696,30.93,32.2,33.5,31.164,72584,68614,123708,5.5,57712,38.4,3.46,3.53,3.68,3.83,4.08,4.18,77.547,813.29,#NA,50.767,67.7,8.5,139.8,74.7,214.8,22.4,37.7,35.4,2208.48,2505.43,296.96,#NA,#NA
Q2 1964,2984.8,1877.9,122.5,740.8,1027.8,338.6,13.9,114.7,121.8,837.8,658.8,408.3,56.6,177.3,174.4,96.1,4.5,34.8,27.7,142.9,22.073,21.744,30.98,32.233,33.5,31.895,73234,69402,124203,5.2,58078,38.6,3.49,3.48,3.61,3.86,4.07,4.2,80.3,831.5,#NA,51.533,72,3.7,144.5,76.2,203.9,23.4,38.5,34.2,2251.59,2557.97,306.38,#NA,#NA
Q3 1964,3025.5,1912.6,126.7,754.2,1042.2,344,16.7,113.8,125,838.3,670.5,417.2,58.4,181,177.8,97.8,4.7,34.8,28.4,144.4,22.16,21.814,31.05,32.3,33.6,32.406,73138,69480,124739,5,58645,38.5,3.46,3.5,3.62,3.77,4.05,4.19,82.877,875.37,#NA,52.467,70.4,7.8,149.3,78.8,200.6,24.3,39.8,33.7,2294.05,2607.32,313.27,#NA,#NA
Q4 1964,3033.6,1918,122.5,756.7,1056.9,346.5,16.5,117.2,128.4,835.9,675.6,419.8,56.4,182.2,181.2,99.6,5,36.2,29.3,144.3,22.27,21.888,31.193,32.467,33.6,32.897,73353,69710,125289,5,59144,38.6,3.58,3.68,3.83,3.93,4.07,4.17,84.75,874.13,#NA,53.067,73.7,9.6,150.5,81.1,197,24.8,40.9,33.8,2334.84,2656.9,322.06,#NA,#NA
Q1 1965,3108.2,1960.3,134.3,765.4,1067,362.3,36.8,104.5,123.8,834,695.7,430.5,61.9,185,183.6,104.1,11.5,33.1,28.5,144.9,22.383,21.961,31.29,32.6,33.7,34.14,73792,70188,125814,4.9,59795,38.7,3.97,3.89,3.98,4.01,4.13,4.2,86.567,889.05,#NA,53.867,75.9,13.8,158.2,87.4,197.6,26.1,44.1,33.9,2375.03,2700.74,325.71,#NA,#NA
Q2 1965,3150.2,1982,134.5,774,1081.9,372.4,26.5,124.2,138.4,844.6,708.1,437.4,61.7,188.7,187,107.3,8.6,39.1,31.7,147.4,22.48,22.071,31.49,32.7,34.1,34.932,74369,70897,126325,4.7,60480,38.7,4.08,3.87,3.93,4.02,4.15,4.21,87.43,868.03,#NA,54.3,76.7,13.3,169.2,89,199.2,28.2,44.9,34.2,2366.36,2701.63,335.26,#NA,#NA
Q3 1965,3214.1,2016,139.3,785.2,1096.9,382.5,30,117.1,139,873.8,725.2,446.6,63.6,192.6,190.5,110.4,9.3,36.9,32,154,22.563,22.153,31.583,32.733,34.2,35.663,74626,71369,126745,4.4,61227,38.6,4.07,3.87,3.97,4.08,4.2,4.25,86.927,930.58,#NA,54.567,82.6,6.2,171,93.9,200,28.5,47.5,34.3,2441.72,2783.9,342.18,#NA,#NA
Q4 1965,3291.8,2072.7,145.3,812.5,1115.1,391.1,24,125.5,145.8,892.7,747.5,460.6,65.9,199.9,194.8,114.2,7.6,39.5,33.9,159.6,22.707,22.221,31.75,32.9,34.5,36.385,74909,71827,127169,4.1,62012,38.6,4.17,4.17,4.33,4.46,4.51,4.47,91.757,969.26,#NA,55.767,81.6,6.2,178.8,97.6,195.6,30.4,49.3,34.5,2517.45,2868.97,351.52,#NA,#NA
Q1 1966,3372.3,2103.2,152.3,819.9,1125.4,405.7,42.4,123.3,149.5,908.7,770.8,471,68.9,204.3,197.8,117.9,13.9,39.4,35,163.6,22.855,22.394,32.047,33.067,34.9,37.427,75072,72173,127511,3.9,62838,38.7,4.56,4.61,4.77,4.93,4.92,4.77,91.63,924.77,511.45,56.4,81.8,12.8,183.1,103.1,200.1,31.1,51.9,34.8,2518.69,2873.64,354.96,#NA,#NA
Q2 1966,3384,2109,145.9,827.1,1139,400.5,40.3,128.7,153.2,924.8,779.9,476.1,66.3,207.9,201.9,118.4,12.3,41.5,36.2,167.9,23.048,22.575,32.337,33.4,35,38.208,75477,72594,127869,3.8,63752,38.6,4.91,4.59,4.73,4.93,4.9,4.78,88.147,870.1,485.44,56.067,81,11.5,179.6,106.8,184,31.2,54,33.2,2542.5,2906.79,364.29,#NA,#NA
Q3 1966,3406.3,2133.1,150.9,832.7,1148.9,400.3,36.3,123.9,161.8,949.7,793.4,485.3,68.8,211,205.4,118.3,11.9,40.4,38.2,175.7,23.291,22.749,32.617,33.7,35.4,38.8,75946,73088,128234,3.8,64484,38.4,5.41,5.04,5.33,5.51,5.39,5.14,81.433,774.22,436.7,55.033,81.4,9.4,183.5,107.5,178,31.9,54.5,31.9,2505.06,2873.29,368.23,#NA,#NA
Q4 1966,3433.7,2142,150.9,829.5,1164.5,388.2,49.4,128,163.7,965.1,807.1,491.1,69.1,211.7,210.2,116.1,16.5,42.4,38.8,179.8,23.505,22.926,32.883,34.033,35.5,39.17,76483,73657,128617,3.7,65024,38.3,5.56,5.21,5.41,5.44,5.21,5,79.817,785.69,462.28,54.333,88.2,6.4,177.3,109.2,159.4,31.2,55.7,29.2,2590.4,2965.1,374.7,#NA,#NA
Q1 1967,3464.1,2154.6,148.1,835.9,1178.8,379,45.8,130.4,166.1,1006.1,817.9,495.4,67.6,213.8,213.9,113.9,15.4,44,39.4,188.7,23.612,22.992,32.967,34.233,35.3,38.955,76496,73572,129044,3.8,65455,38,4.82,4.51,4.52,4.6,4.66,4.58,87.077,865.98,523.61,54.267,90.9,-2.1,179.1,105,154.6,31.7,53.9,28.3,2696.42,3070.68,374.26,#NA,#NA
Q2 1967,3464.3,2183.4,154.7,839.9,1193.1,388.8,21,129.3,164.8,1000.6,822.5,504.5,71,215.6,217.9,117.3,6.3,43.5,39,189.7,23.741,23.107,33.167,34.5,35.5,38.796,76940,74001,129527,3.8,65612,37.8,3.99,3.66,3.86,4.25,4.76,4.82,91.66,860.26,531.54,54.833,87.2,-3.6,174,106.2,172.1,30.9,54.8,31.6,2729.46,3111.39,381.92,#NA,#NA
Q3 1967,3491.8,2194.5,153.2,840.5,1210,392.6,27.8,126.1,167.1,1011,837.1,511.8,71.1,218,222.7,119.2,9.3,42.4,39.5,194,23.975,23.321,33.5,34.867,35.8,39.063,77663,74714,130166,3.8,66064,37.8,3.89,4.3,4.84,5.13,5.31,5.25,94.437,926.66,567.92,56.133,91.7,-2.1,175.9,104.7,180.8,31.5,54.3,33.4,2812.24,3200.25,388.01,#NA,#NA
Q4 1967,3518.2,2207.8,153.5,845.2,1219.5,404.8,26.4,129.7,175.9,1018,852.8,519.3,72,220.8,226.5,124.5,8.4,43.9,41.7,198.4,24.241,23.523,33.867,35.233,35.9,40.108,78292,75216,130757,3.9,66609,37.8,4.17,4.75,5.27,5.56,5.7,5.64,94.54,905.11,569.18,56.933,95.7,-1.6,176.1,108,191.3,32,56.5,36,2885.02,3282.86,397.84,#NA,#NA
Q1 1968,3590.7,2260.3,163.3,863.7,1235.1,414.7,24.4,133.5,186.2,1035.6,879.9,537.3,77.1,228.1,232.1,128.8,8.4,45.5,44.4,204.3,24.506,23.773,34.2,35.667,36.2,40.68,78021,75103,131267,3.7,67105,37.7,4.79,5.05,5.25,5.47,5.63,5.61,91.627,840.67,529.22,57.7,89.5,1.2,179.7,112.1,192.5,33.1,58.8,36.9,2884.08,3284.8,400.72,#NA,#NA
Q2 1968,3651.6,2295.1,166.4,874.7,1255.9,412.5,43.8,136.1,189.1,1040.3,904.2,551.2,79.1,233.3,238.8,129.3,14.1,47.4,45.4,207.7,24.763,24.014,34.533,36.033,36.5,41.229,78746,75950,131712,3.6,67704,37.7,5.98,5.52,5.65,5.94,5.86,5.74,98.023,897.8,592.97,57.667,93.9,0.8,178.1,109.6,197.3,33.2,58,38.2,3020.59,3433.68,413.09,#NA,#NA
Q3 1968,3676.5,2338.2,174,888.3,1272.4,418.6,23.3,144.1,200.4,1042.6,919.4,567.4,83.3,239.4,244.6,132,7.7,49.5,48.2,211.1,25.008,24.264,35,36.533,36.8,41.549,78880,76101,132250,3.5,68314,37.7,5.94,5.2,5.3,5.51,5.53,5.46,99.917,935.79,610.1,58.067,84.2,8.9,177,112.3,200.9,33.2,59.9,38.9,3074.38,3495.05,420.66,#NA,#NA
Q4 1968,3692,2348.6,172.8,888.1,1288.7,428.8,18.1,142.3,198.7,1043.3,936.3,576.3,83.6,242,250.7,138.3,6,49.2,48.2,214.6,25.362,24.537,35.433,37.067,37.1,42.18,79195,76499,132880,3.4,68983,37.6,5.92,5.59,5.69,5.84,5.78,5.77,105.213,943.75,622.79,58.967,86.1,9.9,180.6,116.2,203.4,34.8,62.6,40.9,3237.72,3671.51,433.78,#NA,#NA
Q1 1969,3750.2,2375,176,896.6,1302,442.3,33.2,125.2,180,1044.4,961,588.5,85.5,246.4,256.6,144.2,11.5,44,43.8,216.6,25.626,24.779,35.867,37.567,37.3,43,79874,77166,133476,3.4,69681,37.6,6.57,6.09,6.25,6.36,6.33,6.18,100.933,935.48,601.12,59.233,79.7,22,183.3,120.6,210.7,35.8,65.2,43.2,3245.52,3678.47,432.95,#NA,#NA
Q2 1969,3760.9,2390,175.5,901.1,1316.2,444.3,28,153.3,215.5,1040,976.3,599.9,85.9,251.1,262.9,146.4,9.2,53.9,52.7,219.5,25.958,25.1,36.433,38.167,37.8,43.188,80367,77605,134020,3.4,70345,37.6,8.33,6.2,6.34,6.57,6.53,6.35,101.673,873.19,572.36,58.867,80.2,19.3,184.9,122.1,208.4,36.7,66.4,43.4,3240.81,3684.8,444,#NA,#NA
Q3 1969,3784.2,2401,175,902.6,1329.2,451.8,30.8,149.6,212.7,1041.4,996.5,610.2,86.1,255.2,268.9,150.1,10.2,53.3,52.4,224.9,26.332,25.416,36.933,38.7,38.2,43.706,81074,78153,134595,3.6,70884,37.5,8.98,7.02,7.25,7.65,7.2,6.86,94.467,813.09,546.56,57.8,89.8,14.1,193.6,124,206.7,38.9,68,43.2,3254.77,3704.87,450.09,#NA,#NA
Q4 1969,3766.3,2419.8,174.1,908,1347.3,440.4,16,154.8,210.3,1026,1004.6,622.2,86.2,259.9,276.1,148.3,5.8,56.5,53.1,225,26.675,25.714,37.5,39.233,38.7,43.432,81505,78575,135247,3.6,71149,37.5,8.94,7.35,7.6,7.9,7.67,7.3,94.28,800.36,544.86,56.733,85.3,11.4,192.2,123.4,191.6,39.4,68.2,40.7,3260.96,3722.35,461.39,#NA,#NA
Q1 1970,3760,2434.4,171.1,917.4,1359.8,438.8,3.9,156.1,209.7,1020.5,1017.3,633.3,84.9,266.1,282.3,148.8,1.8,56.9,53.5,229.9,27.056,26.017,38.1,39.833,39.1,42.38,82210,78780,135950,4.2,71310,37.3,8.57,7.21,7.19,7.55,7.73,7.37,88.707,785.57,527.31,54.967,82.5,5.9,190.7,122.8,192,39.5,68.7,40.7,3275.31,3729.11,453.8,3752807,0.99809
Q2 1970,3767.1,2445.7,172.8,919.3,1367.2,429.1,14.8,163,213.8,1007.3,1033.2,643.3,86,269.8,287.5,148.8,5.1,60.6,55.2,230.7,27.428,26.303,38.633,40.567,39.1,42.147,82565,78636,136677,4.8,71166,37,7.88,6.68,6.83,7.45,7.77,7.71,79.2,683.53,418.51,54.1,96.4,-8.1,188.7,122.5,179.2,40.3,69.1,39.4,3184.74,3644.97,460.23,3786597,1.00518
Q3 1970,3800.5,2467.1,173.3,925.4,1384.3,436.7,14.4,162.5,213.3,1011.8,1050.7,655.3,86.9,273.6,294.7,151,5.1,60.3,56.4,235.6,27.647,26.56,39.033,41.1,39.3,41.996,82912,78616,137456,5.2,70979,36.9,6.7,6.33,6.51,6.94,7.48,7.46,78.74,760.68,487.87,54.4,100.2,-12.3,189.5,123.2,188.8,40.6,70,40.4,3303.68,3770.58,466.9,3821126,1.00543
Q4 1970,3759.8,2460.1,160.8,932.7,1395.1,437,-12.9,164,216.7,1011.8,1052.9,662,82.1,278.4,301.5,152.9,-4,61.1,57.9,238.9,28.004,26.908,39.6,41.767,39.7,41.088,83498,78643,138260,5.8,70573,36.8,5.57,5.35,5.51,5.65,6.51,6.85,86.233,838.92,531.12,54.7,97,-17.8,187.3,116.7,208.7,40.8,67.1,45,3418.87,3894.44,475.57,3856026,1.02559
Q1 1971,3864.1,2507.4,178.9,935.8,1406.8,446.8,34,164.6,214.1,995.4,1098.3,681,92.7,280.3,308,159,12.3,63.1,58.7,241.6,28.425,27.161,39.933,42.167,40.1,41.88,83676,78717,139034,5.9,70843,36.7,3.86,3.84,3.92,4.05,5.48,6.02,96.733,904.37,586.21,56.633,109.7,-18.6,186.8,118.6,219.8,41.5,68.9,48.6,3574.72,4053.09,478.37,3890640,1.00687
Q2 1971,3885.9,2530.5,182.9,939.3,1421.3,465.2,29.9,164.3,230.2,992.3,1119.1,695.1,95.5,284.1,315.5,167.9,10.9,63.1,63.3,245.3,28.798,27.469,40.3,42.6,40.5,42.26,83929,78961,139827,5.9,71179,36.8,4.56,4.25,4.45,4.99,6.15,6.25,101.467,891.14,582.51,57.933,117,-24.1,186.3,121.6,242,42.3,71,54.6,3631.34,4124.11,492.76,3925607,1.01022
Q3 1971,3916.7,2550.7,187.8,939.3,1434.8,474.1,27.9,171,235.3,991.5,1139.3,707.5,97.8,286.7,323.1,173.2,10.2,65.4,65.5,248.5,29.089,27.739,40.7,42.967,40.6,42.39,84581,79511,140603,6,71435,36.7,5.47,5.01,5.27,5.75,6.51,6.48,98.547,887.19,574.47,58.567,118,-22.7,185.6,122.7,253.9,43.1,71.7,58.3,3676.92,4182.37,505.45,3960110,1.01108
Q4 1971,3927.9,2593.2,196.1,947.1,1457.5,487.2,-2.7,156.7,219.3,984.1,1151.7,723.8,101.5,290.9,331.3,179.5,-0.3,60.3,61.9,250.3,29.322,27.911,41,43.2,40.9,43.373,85318,80229,141402,5.9,71865,36.9,4.75,4.23,4.4,4.73,5.8,5.89,96.413,890.2,596.68,59.6,118.4,-22.2,185.1,127.2,263.7,43.8,74.2,61.5,3783.31,4304.93,521.62,3994791,1.01703
Q1 1972,3997.7,2627.6,200.9,953.1,1480.6,508.9,9.9,173.3,251.4,987.7,1190.6,741.2,104.9,295.9,340.4,189.9,3.2,68.6,72.2,259.7,29.781,28.208,41.333,43.567,41.2,45.188,86208,81213,143005,5.8,72681,36.9,3.54,3.44,3.8,4.41,5.72,6.03,105.41,940.7,631.04,61.5,114.5,-13.5,189.9,131.9,281.3,45.8,77.6,66.6,3931.9,4461.06,529.16,4029553,1.00797
Q2 1972,4092.1,2677.3,205.8,976.5,1498.9,518,34,168.2,242.5,993.8,1225.9,759.8,108.1,304.4,347.3,194.5,12,67.2,71.4,263.9,29.959,28.378,41.6,43.9,41.5,46.063,86810,81875,143759,5.7,73463,36.9,4.3,3.77,4.23,4.84,5.98,6.14,108.157,929.03,627.13,62.4,108.7,-9,191,135,286.8,46.6,79.7,68.2,3976.79,4525.54,548.75,4063025,0.99289
Q3 1972,4131.1,2718.4,211.1,990.3,1518.5,523.6,35,178.4,247.5,973.3,1249.7,778.3,111.4,311.4,355.4,198.6,13.7,71.5,74.1,261.6,30.25,28.632,41.933,44.233,42,46.688,87351,82450,144523,5.6,74038,36.8,4.74,4.22,4.73,5.15,6.08,6.29,109.203,953.27,640.77,64.067,118.1,-6.4,191.4,138.1,287.5,47.3,81.8,69.6,4084.88,4649.24,564.35,4096225,0.99156
Q4 1972,4198.7,2781.7,222.6,1007.3,1547.5,547.9,13.3,185.9,258.7,979.4,1287,803.1,117,320.5,365.6,210.9,7.5,76.1,79.2,268.6,30.652,28.871,42.367,44.467,42.3,48.303,87675,83002,145215,5.4,74969,36.9,5.14,4.86,5.17,5.44,6.15,6.37,114.037,1020.02,681.79,65.8,137.7,-6.1,194.4,148.2,297.8,49,87.6,74.3,4323.719,4906.36,582.64,4127789,0.98311
Q1 1973,4305.3,2832,236.8,1018.4,1562.9,571.2,20.9,199.6,270.6,988.9,1335.5,827.7,125.1,330.3,372.3,222,10.6,84,85.4,276.7,31.02,29.228,43.033,44.8,43.6,49.664,88232,83842,145964,4.9,75974,36.9,6.54,5.7,5.99,6.31,6.58,6.6,115,951.01,629.98,66.433,137.6,4.2,200.7,156.5,307.8,51.3,92.8,77.9,4329.918,4924.21,594.29,4160135,0.96628
Q2 1973,4355.1,2830.5,233.7,1009.7,1579.9,576.1,47.2,209.2,262.8,983.1,1371.9,843.3,124.4,337,381.9,227.8,18.2,91.9,89.5,280.1,31.5,29.793,43.933,45.267,45.1,50.066,89181,84797,146720,4.9,76663,36.9,7.82,6.6,6.79,7.02,6.72,6.81,107.413,891.71,579.86,65.467,143.5,1,207,163.6,292.1,54.1,98,75.8,4354.617,4968.43,613.81,4192455,0.96265
Q3 1973,4331.9,2840.6,231.3,1015.6,1589.4,574.4,21.4,209.9,255.6,970.5,1391.2,861.8,123.7,347.6,390.4,232,9.8,97.6,91.1,281.2,32.114,30.338,44.8,45.733,46.4,50.515,89650,85330,147478,4.8,77119,36.9,10.56,8.32,8.41,8.51,7.34,7.21,105.08,947.1,618.67,64.367,148.7,4.5,211.7,165.9,279.8,56.8,100.1,75,4546.508,5178.57,632.06,4225223,0.97537
Q4 1973,4373.3,2832.2,225.4,1011.9,1597.2,568.6,50.5,220.2,257.5,977.6,1432.3,876.9,121,357.4,398.5,232.6,25,107.6,98.7,288.8,32.75,30.962,45.933,46.5,47.2,51.248,90579,86236,148226,4.8,77850,36.8,10,7.5,7.61,7.41,6.83,6.75,102.217,850.86,547.93,63.233,163.5,7.9,209.8,168.8,266.4,57.7,102.2,72.7,4488.988,5138.08,649.09,4257750,0.97358
Q1 1974,4335.4,2807.8,219.6,998.6,1597.9,555.2,24,223,248.7,998.1,1447,895.1,119.1,369.1,406.9,231.5,12.5,116.7,110.3,301.4,33.376,31.879,47.3,47.233,49.6,50.797,91379,86709,148987,5.1,78217,36.6,9.32,7.62,7.48,7.35,7.03,7.05,95.667,846.68,530.91,61.467,154,3.5,208.6,169,246.9,59,103.6,69,4508.449,5161.61,653.16,4290334,0.98961
Q2 1974,4347.9,2819,221,995.1,1614.3,547.2,33.1,233.9,261.9,1004.7,1485.3,923.7,122.7,380.4,420.6,234.9,17.4,126.7,129.4,312.1,34.162,32.766,48.567,48.467,51.1,50.844,91584,86834,149747,5.2,78511,36.5,11.25,8.15,8.28,8.69,8.07,7.54,90.64,802.41,474.76,60,140.1,-0.1,207.8,168.8,236.1,61.3,106.1,67.5,4468.488,5142.44,673.95,4323353,0.99435
Q3 1974,4305.8,2831.6,222.4,997.1,1624.1,537.6,11.7,221.3,257.4,1006.2,1514.2,952.5,128.3,391.7,432.5,239.9,5.6,126.6,133.6,323.2,35.166,33.638,49.933,50.133,53.6,50.627,92253,87079,150498,5.6,78622,36.5,12.09,8.19,8.53,9.01,8.46,7.96,75.657,607.87,353.69,57.3,133,-0.5,198.8,169.9,228.3,61.4,111.1,67.4,4385.277,5076.99,691.71,4356835,1.01185
Q4 1974,4288.9,2790.8,200.4,983.1,1641,507.2,34.9,227,254.8,1009.8,1553.4,962.4,119.1,396.8,446.4,235.4,20.4,136.6,136.6,335.1,36.218,34.484,51.467,51.6,56,48.638,92688,86588,151253,6.6,78181,36.2,9.35,7.36,7.46,7.67,7.65,7.67,69.417,616.24,382.03,54.2,146.5,-20.5,196.4,163.7,198.3,63.2,112.1,60,4518.867,5223.69,704.82,4391129,1.02384
Q1 1975,4237.6,2814.6,204.6,987.2,1655.8,476.1,-13.8,228.7,229.3,1022.1,1570,988.6,123.5,404.4,460.7,228.7,-10,141.4,124.9,346.3,37.05,35.124,52.567,52.7,56.6,45.414,93023,85357,151987,8.3,76955,35.9,6.3,5.75,5.87,6.31,7.27,7.54,78.813,768.15,467.46,53.067,146.2,-46.5,186.3,152.8,186,61.7,109.3,57.7,4784.656,5488.69,704.03,4425268,1.04429
Q2 1975,4268.6,2860.5,208.4,1008.5,1674.2,469.4,-25.9,222,210.9,1014.2,1605.6,1017.4,128.2,415.6,473.7,230.7,-14,136.8,115.2,349.8,37.614,35.568,53.2,53.533,57.5,44.813,93619,85332,152708,8.9,76535,35.9,5.42,5.39,5.73,6.53,7.74,8.05,89.073,878.99,537.67,55.333,194.4,-101.6,179.3,149.8,190,60.4,110.4,59.9,5024.348,5742.51,718.16,4459111,1.04463
Q3 1975,4340.9,2901.2,221.9,1016.8,1683.9,481.2,-5.2,218.2,228.4,1032.2,1663.1,1051.3,137.9,427.8,485.5,239.2,-1.4,134.1,122.1,362,38.313,36.236,54.267,54.233,58.9,45.975,94128,86136,153579,8.5,77051,36,6.16,6.33,6.79,7.52,8.21,8.3,87.623,793.88,470.43,57.2,177.3,-58.4,180.3,151.5,203.2,61.3,113.3,64.6,4982.938,5720.22,737.28,4495985,1.03573
Q4 1975,4397.8,2931.4,228.4,1019.9,1703.3,490.1,-0.4,230.6,240.6,1040.9,1714.6,1080.2,144.3,435.1,500.8,247.3,0.3,142.5,128.7,372.9,38.987,36.85,55.267,55.167,60,46.968,94309,86497,154336,8.3,77744,36.1,5.41,5.63,5.97,6.68,7.84,8.06,89.113,852.41,503.73,58.4,185.4,-59.7,180.5,153.5,212.1,62,116.6,68.7,5141.477,5902.41,760.93,4530720,1.03022
Q1 1976,4496.8,2989.7,240.2,1040.1,1721.7,510.5,28.2,229,255.7,1043.4,1772.6,1114,153.8,445.4,514.8,260.1,14.7,143.6,138.9,379.1,39.418,37.261,55.9,56.2,60,48.38,95049,87686,155075,7.7,78791,36.2,4.83,4.92,5.26,5.98,7.47,7.75,99.527,999.45,579.44,60.833,186,-46.7,185.4,155.6,233.8,64.1,119.8,76.2,5347.898,6118.57,770.67,4565436,1.01526
Q2 1976,4530.3,3016.3,241.2,1054,1732.9,519.2,41.9,231.3,266.8,1032,1804.9,1133.7,156.3,452.7,524.7,269.1,22.4,146.6,147.1,380.1,39.84,37.585,56.4,56.967,60.4,48.997,95826,88591,155774,7.6,79327,36.1,5.2,5.16,5.52,6.28,7.48,7.77,101.62,1002.78,589.06,61.833,181.4,-41.6,184.8,158.8,240.6,65.1,123.4,80.7,5521.059,6318.14,797.07,4599547,1.01528
Q3 1976,4552,3047.9,244,1063,1753.4,524.6,39.4,238,277.6,1026.6,1838.3,1163.1,160,462.6,540.5,275.7,20.8,151.8,155.8,382.8,40.385,38.16,57.3,57.9,60.9,49.622,96626,89163,156527,7.7,79714,36,5.28,5.15,5.41,6.01,7.31,7.73,104.313,990.19,594.56,63.033,181.9,-45.3,186.6,163.2,236.6,66.7,128.4,80.6,5623.809,6446.14,822.33,4634597,1.01814
Q4 1976,4584.6,3088,248,1072.2,1781.4,551.5,13.4,240.4,286.8,1025.8,1885.3,1196.9,165.3,472.6,559,294.4,10.5,156.1,162.7,390,41.122,38.76,58.133,58.7,61.9,50.547,97102,89570,157222,7.8,80197,35.9,4.87,4.67,4.82,5.23,6.46,7.19,102.58,1004.65,612.01,64,176,-43.9,187.2,167.9,266.8,67.8,134.1,92.5,5785.527,6636.05,850.52,4669165,1.01845
Q1 1977,4640,3124.6,258.5,1078.5,1795.6,571.5,26.5,236.6,300.4,1035.1,1939.3,1232.5,173.9,483.9,574.7,311.8,14.8,155.4,176.4,401.4,41.796,39.444,59.2,59.667,63.1,51.567,97703,90359,157911,7.5,81023,35.8,4.66,4.63,4.87,5.42,6.78,7.35,101.78,919.13,566.01,65.2,169,-35.7,186.6,178,274.8,69.7,144.5,97.6,5877.348,6744.56,867.21,4704191,1.01383
Q2 1977,4731.1,3141.5,264.4,1076.5,1807,603.3,32.6,243,303.2,1045.8,2006,1260.4,178.8,492.2,589.4,335.4,19.5,161.9,183,411.8,42.401,40.122,60.233,60.633,64.3,53.126,98696,91661,158652,7.1,82102,36,5.16,4.84,5.07,5.69,6.83,7.37,99.033,916.3,582.61,66.3,193.1,-27.6,193.6,182.4,306.3,73.6,150.1,111.7,6056.668,6962.32,905.65,4740739,1.00204
Q3 1977,4815.8,3171.4,267.9,1078.3,1834,611.2,60.6,244.8,299,1047.7,2066.8,1291.7,183,498.7,609.9,347.5,30.9,162.3,182.9,417.3,42.917,40.728,61.067,61.5,65.2,53.749,99244,92409,159430,6.9,83147,35.9,5.82,5.5,5.76,6.28,6.97,7.36,98.053,847.11,558.4,66.833,215,-29.5,196.5,186.8,305.3,76.4,156.1,115,6186.117,7130.04,943.92,4778071,0.99217
Q4 1977,4815.3,3219.1,273.2,1098,1854.1,622.5,34.2,237,303.2,1044.4,2111.6,1329.8,189.2,513.8,626.9,361.4,24.1,157.8,187.4,425.8,43.852,41.312,61.967,62.333,66.3,54.134,100294,93639,160140,6.7,84125,35.9,6.51,6.11,6.41,6.96,7.38,7.6,93.947,831.17,555.12,67.1,216.9,-31,198,195.6,301.3,78.5,165.9,116.9,6330.75,7312.36,981.62,4814580,0.99985
Q1 1978,4830.8,3237.3,266,1104.8,1881.7,627.6,39.2,242.6,323.5,1046.1,2150,1359.9,187,524.3,648.7,371.3,25.5,164.6,203.3,431.9,44.505,42.008,63.033,63.433,67.4,53.96,100934,94553,160829,6.3,85001,35.6,6.76,6.39,6.69,7.31,7.82,8.01,89.35,757.36,527.1,66.867,215,-29.5,197.6,198.6,302.8,80,170.3,121,6478.949,7483.34,1004.39,4850696,1.00412
Q2 1978,5021.2,3306.4,286.7,1116.9,1907,673.2,38.6,267.8,324.5,1074.3,2275.6,1417.6,204.7,542.9,670,406.6,24.3,186.2,208.8,449.8,45.321,42.874,64.467,64.733,69.1,56.08,101947,95835,161525,6,86541,35.8,7.28,6.48,6.99,7.79,8.17,8.32,95.927,818.95,567.39,67.933,217.4,-2.4,216.9,214.1,317.3,90.3,185.8,130.6,6738.539,7792.52,1053.98,4887236,0.97332
Q3 1978,5070.7,3320.8,282.6,1128.9,1916.3,692.4,40.4,270.8,328.8,1082.9,2336.2,1448.7,205,558.5,685.1,426.4,25,191.3,215.1,459.9,46.072,43.623,65.967,66.133,70.6,56.566,102568,96397,162265,6,87435,35.8,8.1,7.31,7.6,8.45,8.43,8.49,101.657,865.82,610.95,68.033,227.4,-3.4,231.2,218.5,321.7,98.6,192,135.8,6993.438,8095.88,1102.44,4924959,0.97126
Q4 1978,5137.4,3347.8,284.7,1142.5,1926,707,46.2,281.6,333.4,1092.7,2417,1487.9,210.2,575.3,702.4,444.3,28.5,205.4,221.8,472.7,47.047,44.444,67.5,67.6,72.1,57.596,103484,97400,163024,5.9,88340,35.7,9.58,8.57,9.05,9.82,8.84,8.82,97.133,805.01,566.96,67.833,234.3,4.1,240.9,224.6,320.6,105.5,199.8,139,7152.629,8297.35,1144.73,4963239,0.9661
Q1 1979,5147.4,3365.3,281.8,1148.2,1945.5,712.6,36.6,281.8,332.4,1082.9,2464.4,1523.6,211.5,593.8,718.3,457.3,23.9,211.7,229.8,477.8,47.876,45.275,69.2,69.167,74.4,57.865,104383,98252,163756,5.9,89115,35.7,10.07,9.38,9.45,10.3,9.18,9.11,99.35,862.18,604.08,67.233,240.2,8.4,239.5,232.9,313.1,107.9,210.9,138.5,7459.316,8632.45,1173.13,5001334,0.97162
Q2 1979,5152.3,3364,275.3,1143.6,1963.6,707,40,282.5,334.2,1094.4,2527.6,1564.3,210.3,610.5,743.4,465.6,27.4,220.9,243.1,492.5,49.058,46.501,71.4,70.8,76.2,57.779,104327,98371,164447,5.7,89772,35.5,10.18,9.38,9.36,9.94,9.11,9.11,101.177,841.98,617.29,66.433,231.5,5.7,243,230.1,307.3,112.8,212.1,140.6,7722.688,8944.33,1221.64,5038009,0.97782
Q3 1979,5189.4,3397.3,283.3,1155.9,1971.1,719.8,15.3,292.7,329.1,1095.9,2600.7,1618.6,218.9,635.8,763.9,485.7,12.1,234.3,257.3,507.3,50.115,47.643,73.7,72.633,78.4,57.574,105209,99041,165200,5.9,90278,35.6,10.95,9.67,9.64,10.15,9.12,9.1,106.223,878.58,658.11,65.6,227.7,2.1,254.3,235.3,303.6,121.8,220.5,143.5,8012.219,9284.13,1271.91,5076903,0.97832
Q4 1979,5204.7,3407.1,275.9,1165.3,1984.4,713.1,8.5,311,336.3,1103.1,2660.5,1662.2,216.9,657.7,787.7,491,8.6,253.7,280.5,525.5,51.117,48.788,76.033,74.833,81.3,57.783,105923,99637,166055,6,90574,35.6,13.58,11.84,11.77,12.27,10.66,10.45,105.303,838.74,655.04,64.1,240,-9.2,262,232.3,292.1,128.3,221.3,141.4,8246.547,9564.39,1317.84,5117900,0.98332
Q1 1980,5221.3,3401.7,272.2,1162.3,1989.4,703,11.3,319.8,336.6,1120.8,2725.3,1709.1,220,679.6,809.4,495.3,9.9,268.5,304.3,546.8,52.195,50.242,79.033,77.6,84.5,58.043,106567,99862,166762,6.3,90890,35.4,15.05,13.35,13.24,13.93,12.27,11.99,110.3,785.75,609.58,62.967,242.8,-20.2,266,234.2,269.8,132.6,228.8,134,8420.617,9768.82,1348.2,5156106,0.98751
Q2 1980,5115.9,3325.8,241.8,1147.3,1977.7,641.8,10,325.8,312.1,1124.3,2729.3,1711.2,199.8,686.6,824.9,462.7,7.8,277.4,292.6,562.8,53.349,51.453,81.7,80.2,86.7,55.588,106767,98953,167416,7.3,90452,35.1,12.69,9.62,9.61,10.28,10.33,10.48,108.403,867.92,690.89,59.933,238.3,-49.2,260.1,218.5,219.9,132.3,218.6,111.7,8756.477,10124.42,1367.94,5194801,1.01542
Q3 1980,5107.4,3362,253.3,1145.2,2002.5,648.1,-42.6,325.1,289.6,1108.8,2786.6,1770.1,213.1,699.6,857.5,477.3,-33.9,284.7,279.2,567.6,54.56,52.65,83.233,81.4,89.5,54.696,107121,98899,168111,7.7,90043,35,9.84,9.15,9.35,10.14,10.66,10.95,123.28,932.42,765.33,62.2,246.6,-61.2,261.4,220.5,223.6,135.8,225.3,116.3,9150.379,10554.03,1403.65,5234624,1.02491
Q4 1980,5202.1,3406.8,261.4,1151.4,2032.7,673.8,-10.7,323.2,305.2,1107.7,2916.9,1838.1,223.8,718.6,895.8,507,-9.1,292.5,299.2,587.5,56.071,53.955,85.567,83.933,91.3,56.789,107442,99499,168694,7.4,90721,35.3,15.85,13.61,13.26,13.84,12.65,12.42,133.117,963.99,823.27,63.4,277.6,-48.7,269.1,224,245.5,144.1,232.2,130.8,9468.617,10916.1,1447.48,5272581,1.01355
Q1 1981,5307.5,3421.3,269.2,1162.1,2020.3,678.7,48.7,329.2,318.2,1122.5,3052.7,1893.7,233.5,745.8,914.5,524.4,38.8,305.5,319.7,610.1,57.517,55.351,87.933,85.9,93.7,56.907,108274,100239,169279,7.4,91110,35.3,16.57,14.39,13.65,14.12,13.2,12.96,131.52,1003.87,827.61,61.9,275.6,-27.5,268.8,230,241.1,150,243,131.3,9639.207,11097.09,1457.88,5311719,1.00079
Q2 1981,5266.1,3422.1,258.3,1165.6,2037.2,683.2,13.4,331.1,318.7,1124.9,3085.9,1925.5,228.3,756.2,941,539.7,11.7,308.4,322,622.5,58.598,56.267,89.767,87.8,96.1,57.11,108848,100801,169837,7.4,91348,35.3,17.78,14.91,14.28,15.13,14.19,13.75,132.813,976.88,805.19,61.9,281.8,-35.4,279,232.1,232.9,161,249.8,128.9,9881.039,11376.56,1495.52,5350847,1.01609
Q3 1981,5329.8,3435.7,266.7,1165.6,2037.6,683.3,52.1,324,315.1,1122.3,3178.7,1965.1,239.2,763.2,962.6,548.8,44,302.3,309.9,628.4,59.641,57.197,92.267,90.767,96.9,57.701,108525,100482,170413,7.4,91541,35.1,17.58,15.05,15.06,16.32,15.43,14.85,125.677,849.98,708.44,60.133,338.7,-43.4,286,237.6,215,169.7,258.6,120.4,9930.906,11458,1527.1,5390545,1.0114
Q4 1981,5263.4,3409.7,246.9,1167.4,2041.2,680.8,25.4,325.5,324.2,1132.7,3196.4,1979.9,224.3,770.4,985.2,557.4,24.8,304.7,319.4,649,60.729,58.066,93.767,92.533,97.9,56.398,109057,100077,170990,8.2,91139,35,13.59,11.75,12.21,13.55,14.13,14.09,122.17,875,751.9,58.7,353.2,-76.6,307,235.5,192.9,188.5,259.3,109.6,10208.96,11768.66,1559.7,5431173,1.03187
Q1 1982,5177.1,3432.2,255.4,1168.8,2050.3,660,-24.4,311.4,314.9,1131.5,3186.8,2018,234,776.1,1008,547.9,-21.5,293.2,309.5,658.6,61.555,58.798,94.6,93.667,98.8,55.262,109374,99709,171497,8.8,90510,34.7,14.23,12.81,13.07,14.33,14.39,14.29,114.207,822.77,682.22,58.667,330.8,-101,297.2,231.2,181.8,186.6,256.5,104.8,10304.63,11866.64,1562.02,5471156,1.0568
Q2 1982,5204.9,3444.3,256.2,1170.6,2060.9,637,-4.6,313.3,309.8,1138.2,3242.7,2044.4,236.6,778.6,1029.3,535,-4.2,294.7,299.1,671.9,62.302,59.357,95.967,95.4,99.3,54.57,110117,99745,172020,9.4,90030,34.8,14.51,12.42,12.55,13.8,14.06,13.93,114.12,811.93,666.36,59,352.1,-107.4,287.4,222.5,176.1,182.5,249.6,102.9,10411.96,11998.33,1586.37,5511869,1.05898
Q3 1982,5185.2,3470.8,258.2,1177.2,2079.9,619.3,6.6,299.4,324.1,1146,3276.2,2092.4,239.1,793,1060.3,522.9,5.8,279.6,309.3,684.7,63.182,60.285,97.633,97,100.5,53.762,110526,99543,172522,9.9,89344,34.8,11.01,9.32,10.38,11.84,13.11,13.12,113.82,896.25,731.49,59.267,349.1,-146.4,271.5,218.5,175.5,172.9,246.5,103.5,10645.74,12243.65,1597.91,5552936,1.07092
Q4 1982,5189.8,3533.9,270.6,1188.6,2116.8,618.2,-47.5,285.7,311.4,1165.8,3314.4,2154.2,251.2,802.7,1100.3,522.8,-39.8,265.3,294.9,706.8,63.863,60.959,97.933,97.333,101.4,52.739,110959,99120,173046,10.7,88807,34.6,9.29,7.91,8.26,9.13,10.47,10.67,136.71,1046.54,856.79,60.8,312.8,-181.4,265.4,214.5,188.4,168.3,243,111.5,10955.13,12588.48,1633.35,5595995,1.07827
Q1 1983,5253.8,3568.5,273.1,1194.5,2145.1,631.8,-42.3,290.3,318.5,1174.6,3382.9,2194.1,255.3,806.3,1132.5,531.7,-35.1,270.7,295.3,716.7,64.388,61.485,98,97.933,101,53.338,110639,99143,173505,10.4,88987,34.7,8.65,8.11,8.18,8.86,10.12,10.56,147.65,1130.03,930.81,63.467,332.4,-180.6,254.6,213.8,220.5,158.6,241.9,131.2,11295.5,12923.91,1628.41,5638733,1.07327
Q2 1983,5372.3,3639.5,293.6,1206.4,2176.1,656.2,-5.8,291.2,343,1184.6,3484.1,2258.2,275.5,824,1158.7,549.9,-7.7,272.5,318,729.1,64.853,62.049,99.133,98.9,101.4,54.568,111168,99945,173957,10.1,89663,34.9,8.8,8.4,8.47,9.18,10.23,10.54,162.733,1221.96,1029.99,66.067,322.9,-166.4,242.6,224.7,246.6,149.5,253.4,147,11600.69,13282.72,1682.03,5682440,1.05773
Q3 1983,5478.4,3704.1,305.2,1224.3,2208.2,695.3,-4.9,295.6,369.7,1205.2,3589.3,2328.6,287.9,842.3,1198.4,581.9,-4.2,278.2,343.4,748.2,65.517,62.865,100.1,100.133,101.9,56.464,112095,101611,174449,9.4,90591,34.9,9.46,9.14,9.31,10.3,11.42,11.63,165.513,1233.13,1017.62,67.267,325.2,-175.9,248.2,237.7,271,152.6,266.8,162.4,11721.1,13460.49,1739.39,5727203,1.04541
Q4 1983,5590.5,3762.5,320.7,1236.5,2233.5,736,27.4,301.5,387.9,1184.8,3690.4,2381.3,304.5,852.1,1224.8,616.8,23.9,286.6,358,739.8,66.012,63.29,101.1,101.433,102.2,57.927,112160,102588,174950,8.5,91855,35.1,9.43,8.8,8.98,9.95,11.41,11.69,165.747,1258.64,1006.41,68.6,354.4,-149.6,255.1,258.1,282.5,156.6,289.3,170.8,11802.06,13602.38,1800.32,5772832,1.03261
Q1 1984,5699.8,3794.9,333.2,1243.2,2241.1,759.1,81,307.8,419,1196.6,3809.6,2427.6,316.3,866.4,1244.9,636.7,73,293,388,767.4,66.837,63.968,102.533,102.833,103.4,59.624,112512,103664,175679,7.9,93068,35.2,9.69,9.17,9.28,10.18,11.64,11.94,160.36,1164.89,969.29,70.1,410,-131.4,269.6,263.1,290.3,165.7,294.3,176.6,11960.68,13785.22,1824.54,5823404,1.02169
Q2 1984,5797.9,3849.3,340.8,1265.4,2263,790.4,75.6,315.5,436.6,1222.4,3908.6,2486.3,325.7,883.8,1276.9,665.8,69.3,302.2,406.5,791.5,67.414,64.592,103.5,104.1,103.8,60.543,113521,105040,176125,7.4,94106,35.1,10.56,9.8,10.22,11.55,13.01,13.2,155.757,1132.4,934.51,70.3,437,-137.3,283.2,276.2,295.7,175.8,308.6,181.4,12125.15,14011.57,1886.42,5868161,1.01212
Q3 1984,5854.3,3879.1,340.8,1269.5,2292,807.3,78.7,322.4,447.9,1231.4,3978.2,2524.9,326.3,889.7,1308.9,682.1,71.3,305.7,409.6,803.6,67.953,65.091,104.4,105.4,103.9,60.947,113837,105363,176595,7.4,95037,35.1,11.39,10.32,10.53,11.81,12.83,12.87,160.537,1206.71,1017.09,70.267,466.8,-150.6,292.2,285.6,292.9,182.5,318.2,181.4,12483,14425.9,1942.89,5914287,1.01025
Q4 1984,5902.4,3930.2,351.9,1276.7,2322.9,821.9,49.9,329,461.1,1257.9,4036.3,2574.3,337.7,898.7,1338,696.3,48,308.6,416.4,825.5,68.385,65.5,105.3,106.467,103.9,60.99,114257,105944,177132,7.3,95886,35,9.27,8.8,8.99,10.02,11.49,11.74,165.19,1211.57,1013.92,70.567,466.4,-157.4,295.2,294.8,293.2,185.5,327.8,183,12752.06,14763.47,2011.41,5962310,1.01015
Q1 1985,5956.9,3996.2,364.6,1283.9,2368,828.1,16.3,329.2,450.9,1272.2,4119.5,2645.7,351.7,910.5,1383.6,703.8,16.2,305.4,397.3,845.7,69.155,66.205,106.267,107.633,104.1,61.167,114976,106615,177522,7.2,96551,34.9,8.48,8.18,8.43,9.39,11.19,11.58,177.303,1266.78,1106.01,72.033,412.3,-122.3,307.7,293,292.3,194.9,325.6,183.3,13129.34,15212.43,2083.08,6006963,1.0084
Q2 1985,6007.8,4032.6,368.8,1294.2,2389.8,838.6,23.3,328,473.1,1300.8,4178.4,2690.1,356.6,924.1,1409.3,713.7,21.6,303.1,418.6,868.5,69.55,66.708,107.233,108.767,104.7,61.22,115177,106791,177946,7.3,97249,34.9,7.92,7.46,7.66,8.47,10.32,10.81,184.803,1335.46,1174.85,72.933,451.7,-173.3,307.6,299.8,294.6,195.2,333.3,185.1,13450.86,15611.95,2161.09,6052658,1.00747
Q3 1985,6101.7,4109.1,393,1302,2427.2,831.8,18.8,323.2,468.5,1334.6,4261.3,2758.7,379.5,932.7,1446.5,710.9,16.3,295.6,414.2,894,69.838,67.137,107.9,109.733,104.3,61.131,115505,107186,178413,7.2,97823,34.8,7.9,7.11,7.26,7.99,9.77,10.34,188.303,1328.63,1112.25,74.133,388.4,-152.6,301.2,296.1,298.3,192.2,329.9,188.8,13583.37,15837.94,2254.56,6099381,0.99962
Q4 1985,6148.6,4118.4,378.4,1312.3,2449,847.6,36.2,332.9,486.7,1342.6,4321.8,2786.7,366.2,947.4,1473,729.1,33.1,304,438.9,907.8,70.289,67.665,109,111,105.5,61.501,116211,108023,178941,7,98405,34.8,8.1,7.17,7.26,7.85,9.23,9.76,196.963,1546.67,1285.66,75.067,401.1,-162.2,305,302,305.4,195.8,337.8,195.5,14206.64,16573.39,2366.75,6147785,0.99987
Q1 1986,6207.4,4152.7,386.3,1329.2,2454.6,848.8,33.7,343.6,486.5,1357.1,4385.6,2830.3,373.8,957.2,1499.2,733.5,30.3,312.2,439.8,919.2,70.652,68.154,109.567,112.2,104.1,61.845,116928,108735,179825,7,98812,34.9,7.83,6.9,6.95,7.46,8.16,8.56,219.963,1818.61,1455.9,76,405,-154,297.3,299.8,318.5,191.7,335.5,206.3,14736.8,17127.66,2390.86,6195445,0.99807
Q2 1986,6232,4196.7,399.8,1343.8,2465.1,846.8,17.4,347.3,507.1,1385.9,4425.7,2862,388.8,950.6,1522.5,737.3,15.7,314.4,444.4,940.7,71.015,68.195,109.033,113.133,102.7,61.473,117643,109206,180321,7.2,99150,34.7,6.92,6.14,6.18,6.61,7.4,7.6,240.58,1892.72,1522.3,77,398.5,-181.5,269.3,304.1,336.2,174.5,343,219.8,15092.19,17552.02,2459.82,6243534,1.00185
Q3 1986,6291.7,4269.5,435.4,1346.6,2486.2,842,-7.6,355.2,521.2,1417.5,4493.9,2933.5,426.8,956.9,1549.8,739.5,-7,320.4,459.8,967.4,71.426,68.707,109.7,114.2,102.6,61.732,118225,109970,180836,7,99639,34.6,6.21,5.52,5.59,5.99,6.93,7.31,241.15,1767.58,1410.96,77.433,355.4,-184.4,259.7,302.9,341.3,169,344.4,226.1,15157.62,17704.82,2547.19,6292267,1.00009
Q4 1986,6323.4,4296.7,428.6,1359.4,2512.1,847.5,-10.4,368.5,525.4,1409.6,4546.1,2973.2,422.5,969.1,1581.6,749.5,-12.7,335.2,469,970,71.893,69.197,110.467,115.3,103.5,62.43,118587,110492,181365,6.8,100286,34.6,6.27,5.35,5.41,5.8,6.75,7.26,243.687,1895.95,1465.31,78.5,329.4,-159.5,261.3,306.6,340.7,170.9,350.3,228.3,15685.93,18319.84,2633.91,6341995,1.00294
Q1 1987,6365,4298.6,401.3,1364.8,2551,830.8,33.4,368.7,522,1413.2,4613.8,3008,398.9,992.3,1616.8,737,28,336.8,478.1,982.1,72.487,69.977,111.8,116.433,104.3,63.263,119079,111206,182001,6.6,100893,34.8,6.22,5.54,5.54,5.92,6.74,7.19,279.303,2304.69,1754.08,79.467,378.4,-174.5,255.2,297.6,339.8,166.9,339.9,230.1,16441.47,19079.94,2638.47,6394611,1.00465
Q2 1987,6435,4357.3,418.4,1377,2575.1,845.7,18.7,383.6,535.1,1423.1,4690,3075.3,419.1,1011.3,1645,751.1,16.5,355.1,502.7,994.6,72.882,70.578,113.067,117.833,105.3,64.366,119663,112158,182527,6.3,101682,34.7,6.65,5.66,5.98,6.77,7.95,8.34,293.273,2418.53,1808.85,80.167,322.6,-106.6,258.2,306.5,341.3,169.6,348.6,232.9,16713.36,19446.55,2733.2,6444497,1.00148
Q3 1987,6493.4,4406.3,435.9,1379.4,2599,863.7,0.5,400.1,545.5,1425.6,4767.8,3141.6,439.9,1022.7,1679,768.5,1,371.7,517.7,1002.7,73.425,71.298,114.267,118.933,105.9,65.505,120077,112867,183016,6,102408,34.8,6.84,6.04,6.18,7.13,8.42,8.88,319.37,2596.28,1905.81,81.233,361.1,-122.2,269,315,340.3,177.6,356.7,234.2,17142.74,19952.25,2809.52,6493344,0.99999
Q4 1987,6606.8,4417.1,423.3,1386.7,2622.2,863.6,68.7,414.9,558,1445.1,4886.3,3176,428.7,1034.8,1712.5,774.7,63.1,392,537.9,1018.4,73.958,71.903,115.333,120.3,105.9,67.116,120593,113527,183467,5.8,103361,34.7,6.92,5.86,6.41,7.24,8.63,9.12,255.377,1938.83,1461.61,81.233,407.7,-127,274.1,310.9,342,182.7,354.5,237.5,16712.78,19554.78,2842,6541422,0.9901
Q1 1988,6639.1,4490.6,444.7,1399.2,2655.9,862.4,16.9,437.8,555.6,1436.7,4951.9,3256.8,449.3,1048.9,1758.6,780.6,17,418.5,543.2,1022.2,74.587,72.525,116.233,121.433,106.4,67.69,121013,114093,183967,5.7,104121,34.6,6.66,5.72,6.03,6.78,7.91,8.42,258.116,1988.06,1550.11,81.9,417.6,-128.8,263.7,320.6,334.6,178.6,367.6,234.4,17151.33,20032.74,2881.41,6590736,0.99272
Q2 1988,6723.5,4522.7,444.9,1413.7,2674.3,879.3,20.5,450,549.1,1439.9,5062.8,3316.4,451.8,1071,1793.6,800.7,19.7,439.1,546.6,1033.5,75.3,73.328,117.567,122.933,107.2,68.283,121265,114623,184389,5.5,104973,34.6,7.16,6.21,6.49,7.3,8.42,8.91,263.136,2141.71,1633.32,82.9,434.8,-117.8,269.2,329,337.2,184.2,378.2,238.4,17554.8,20521.62,2966.82,6638063,0.98729
Q3 1988,6759.4,4560.5,439.1,1429,2707,882.7,20,458.3,561.9,1438,5146.6,3384,448.9,1096.3,1838.9,807.5,18.2,452.9,553.3,1037.4,76.141,74.204,119,124.233,108.7,68.637,121917,115233,184840,5.5,105708,34.6,7.98,7.01,7.27,8,8.76,9.1,266.917,2112.91,1623.81,83.133,439.3,-106.8,265.6,333.8,337.4,183.5,384,240,17809.91,20855.95,3046.03,6686301,0.98919
Q4 1988,6848.6,4614,451.4,1445.2,2728.7,891.5,23.6,472.4,578.8,1465.9,5253.7,3457.2,464.4,1117.7,1875.1,823.5,19.1,465.8,574.8,1062.9,76.712,74.929,120.3,125.767,109.6,69.186,122488,115947,185253,5.3,106565,34.6,8.47,7.73,7.86,8.53,8.8,8.96,274.976,2168.57,1652.25,83.467,444.4,-112.8,264.9,339.3,340.4,184.9,394.2,244.4,18213.07,21355.62,3142.56,6733497,0.98319
Q1 1989,6918.1,4631.2,448.6,1449.5,2746.6,900.4,49.7,485.9,577.2,1456.7,5367.1,3511.3,464,1135.1,1912.2,835.9,48.2,484,582.3,1070,77.58,75.819,121.667,127.067,111.8,69.442,123251,116835,185773,5.2,107369,34.6,9.44,8.54,8.59,9.29,9.31,9.21,290.71,2293.62,1751.33,83.2,445.7,-84.8,269.2,345.2,338.2,189.5,401.8,244.6,18625.96,21807.21,3181.26,6783293,0.98051
Q2 1989,6963.5,4653,455.1,1450.9,2759.5,901.6,37.5,507.1,585.8,1479.2,5454.1,3573.9,471.1,1162.2,1940.7,842.1,36,505.7,597.3,1093.6,78.324,76.809,123.633,128.467,113.7,69.131,123678,117205,186178,5.2,107874,34.5,9.73,8.41,8.33,8.93,8.83,8.77,313.303,2440.06,1881.07,82.367,409.7,-101.5,266.1,354.3,328.1,189.6,412.3,240.2,19034.24,22302.35,3268.11,6830337,0.98088
Q3 1989,7013.1,4697.3,465.3,1465.4,2776.2,917.4,10.2,513,586.5,1493,5531.9,3630.9,483,1175.6,1972.3,860.4,10,508.4,587.7,1109.9,78.879,77.299,124.6,129.733,113.7,68.702,124026,117494,186602,5.2,108144,34.5,9.08,7.84,7.7,8.1,8.03,8.11,341.957,2692.82,2050.99,82.033,392,-116.7,275.5,363.5,324.6,197.7,424.2,238.4,19615.98,22967.15,3351.17,6877128,0.98061
Q4 1989,7030.9,4718.8,450.4,1479.3,2805.7,902.3,15.9,521.4,594.2,1501,5584.3,3677.8,468.9,1194,2014.9,850.6,16.6,515.2,598.7,1122.7,79.425,77.94,125.867,131.3,115,69.007,124448,117774,187018,5.4,108653,34.4,8.61,7.65,7.51,7.83,7.84,7.91,345.396,2753.2,2062.3,82.033,391.4,-134.2,273.8,356.6,317.7,198.1,417.8,234.8,19907.14,23359.02,3451.88,6923292,0.9847
Q1 1990,7112.1,4757.1,470.9,1483.2,2813.5,913.5,14.1,543.6,607.3,1524.2,5716.4,3762.6,492.4,1224.4,2045.8,866.1,13.9,537.6,621.1,1157.4,80.375,79.094,128.033,132.967,117.6,69.544,125781,119114,188520,5.3,109386,34.4,8.25,7.76,7.7,8.13,8.38,8.42,336.297,2707.21,1975.7,82.033,418.2,-152.7,279.9,359.9,321,204.1,422.7,239.2,19901.34,23414.96,3513.63,6969486,0.97995
Q2 1990,7130.3,4773,455.3,1486.4,2849.5,892.4,33.9,550.5,614.1,1526.8,5797.7,3815.9,475.6,1236,2104.3,848.8,33.7,546.3,617.2,1170.2,81.311,79.947,129.3,134.7,117.5,70.019,125705,118995,188916,5.3,109756,34.3,8.24,7.75,7.74,8.27,8.65,8.68,349.606,2880.7,2066.95,81.6,448.9,-161.3,278.5,351.5,308.6,204.6,413.3,230.9,20140.65,23727.33,3586.68,7017695,0.98421
Q3 1990,7130.8,4792.6,450.5,1491,2872.4,882.7,22.8,555.1,613.2,1526.7,5849.4,3879.6,470.6,1262.6,2146.4,844.9,21.9,555.9,634.3,1181.5,82.031,80.95,131.533,136.7,119.3,70.255,125871,118712,189353,5.7,109609,34.2,8.16,7.48,7.41,7.83,8.43,8.7,335.396,2452.48,1774.8,80.9,405.2,-158.8,277.5,355.5,291.1,205.5,420.6,218.8,19762.31,23416.39,3654.08,7067621,0.99114
Q4 1990,7076.9,4758.3,437.4,1475.3,2871.3,857.6,-9.3,560.7,593.8,1542.2,5848.8,3901.7,458.2,1276.5,2167,825.9,-11.3,569.7,648.7,1211.5,82.646,81.998,133.767,138.267,122.2,69.176,126069,118361,189866,6.1,109208,34.2,7.74,6.99,6.96,7.3,8.03,8.4,317.053,2633.66,1908.45,79.367,418.5,-186.2,265,353.2,275,197.4,421.5,207,20249.9,23967.83,3717.93,7119812,1.00606
Q1 1991,7040.8,4738.1,424.6,1474,2868.3,828.2,-14.4,563.2,581.5,1548.4,5888,3914.2,448.8,1273.3,2192.1,803.4,-15.6,574.6,616.1,1227.4,83.626,82.612,134.767,140.267,121.9,67.849,126071,117782,190272,6.6,108744,34.1,6.43,6.02,6.04,6.44,7.65,8.02,353.343,2913.86,2170.79,79.467,465.9,-165.4,259.2,343.4,258.6,194.9,413.3,195.2,20987.9,24722.32,3734.41,7168831,1.01818
Q2 1991,7086.5,4779.4,426.9,1485.6,2896.8,827,-18.1,583.8,598.1,1553.7,5964.3,3970.3,452,1287.1,2231.2,802.1,-18.1,592.3,616.6,1234.3,84.165,83.07,135.567,141.533,121.4,68.28,126352,117729,190656,6.8,108268,34,5.86,5.56,5.69,6.24,7.78,8.13,378.653,2906.8,2151.44,81.067,449.2,-217.9,252.2,342.9,264.7,189.9,411.5,200.7,20961.04,24764.36,3803.32,7218120,1.01857
Q3 1991,7120.7,4800.1,433.6,1486.5,2908.8,829.7,-0.1,597.8,613.9,1546.6,6035.6,4015.7,460.8,1290.9,2263.9,804.4,0.8,602.6,625.3,1237.5,84.762,83.658,136.6,143.067,121.3,69.202,126318,117660,191121,6.9,108258,34.1,5.64,5.38,5.45,5.89,7.49,7.94,385.61,3016.77,2255.8,82.5,437.1,-232.8,235.8,348.5,275.7,177.5,416.6,210.3,21241.48,25092.46,3850.98,7270175,1.02099
Q4 1991,7154.1,4795.9,426.5,1475.9,2925.8,831.3,30.7,611.6,621.2,1540.4,6095.8,4044.1,454.1,1287.8,2302.2,803.2,31.2,617.8,639.2,1238.6,85.206,84.323,137.733,144.4,122.2,69.324,126669,117679,191651,7.1,108267,34.1,4.82,4.54,4.58,4.87,6.56,7.35,387.103,3168.8,2426.04,82.633,472.1,-255.4,231,348.8,281.7,172.2,416.9,214.2,21839.65,25770.79,3931.14,7325229,1.02392
Q1 1992,7228.2,4875,443.1,1500.6,2960.6,839.9,1.8,621.9,626.6,1552.3,6196.1,4142.5,471.9,1312.5,2358.2,810,0.2,627.4,641.6,1257.6,85.721,84.975,138.667,145.667,122.2,69.264,127357,117958,192075,7.4,108285,34.1,4.02,3.89,3.99,4.36,6.59,7.3,412,3235.5,2360.59,83.933,520.8,-288.8,228.2,348.4,296.1,169.9,415.7,224.4,21931.42,25878.57,3947.15,7378706,1.02082
Q2 1992,7297.9,4903,446.6,1498.7,2987.9,873,22.9,622.2,642.4,1550.7,6290.1,4193.1,476.8,1316.8,2399.5,842.2,23.2,628,661.7,1265.3,86.19,85.52,139.733,146.933,122.9,70.491,128140,118407,192507,7.6,108558,34.2,3.77,3.68,3.8,4.22,6.65,7.38,410.163,3318.5,2372,85.367,530.6,-289.7,228.2,367.9,307.4,170.6,436.5,235.1,21928.36,25921.37,3993.01,7433747,1.01861
Q3 1992,7369.5,4951.8,456.4,1508.6,3016.1,886.3,19.6,635.6,651.4,1559,6380.5,4264.3,487.4,1333.8,2443.1,856.3,20.5,641.8,681.4,1278.9,86.58,86.116,140.8,148.067,123.5,70.988,128559,118753,193024,7.6,108817,34.2,3.26,3.08,3.15,3.42,5.61,6.62,417.153,3271.7,2426.25,86.067,454.7,-319.9,230.3,377,308.2,173,446,237.3,22202.13,26261.26,4059.13,7491897,1.01661
Q4 1992,7450.7,5009.4,465.8,1532.6,3038.7,914,21.5,639.1,662.1,1559.3,6484.3,4341.1,498.3,1359,2483.9,885.3,21.3,644.1,689.6,1282.1,87.029,86.66,142.033,149.4,124.2,71.671,128340,118834,193616,7.4,109228,34.2,3.04,3.07,3.25,3.56,5.91,6.74,423.66,3301.12,2539.92,87.9,466,-288.5,233.1,391,318.6,176.7,460,248.6,22838.47,26972.86,4134.38,7553094,1.01374
Q1 1993,7459.7,5027.3,470.4,1530.5,3053.9,919.1,36.7,639.9,677.2,1543,6542.7,4379.3,503.1,1362.1,2514.2,895.4,35.9,645.1,695.1,1282.1,87.707,87.111,143.067,150.7,124.7,72.283,128485,119297,194106,7.1,109869,34.2,3.04,2.96,3.09,3.41,5.48,6.28,442.363,3435.11,2637.3,89.1,498.6,-310.6,226.9,398.3,320.1,173.7,469.1,252.6,23149.63,27291.7,4142.07,7612785,1.02052
Q2 1993,7497.5,5071.9,486.2,1544.4,3065.4,939.7,24.3,647.4,696,1541.4,6612.1,4446.7,523,1374.3,2549.4,918.2,24.1,654.3,719.6,1288.3,88.19,87.674,144.1,151.967,125.5,72.506,129086,119960,194555,7.1,110459,34.3,3,2.97,3.08,3.38,5.18,5.99,445.463,3516.08,2633.92,89.767,472.7,-269.8,226.6,413.1,323.8,175.1,485.2,257.9,23375.47,27588.9,4213.43,7672541,1.02335
Q3 1993,7536,5127.3,492.1,1559.6,3099.9,956.3,7,645.7,705.1,1537,6674.6,4510.7,531.9,1384.3,2594.5,936.8,6.6,651.6,722.5,1291.5,88.57,87.975,144.767,152.867,124.4,72.886,129428,120626,195068,6.8,111146,34.4,3.06,3,3.12,3.42,4.95,5.62,453.553,3555.12,2698.73,90.6,432.5,-274.4,227.7,418.6,335,177.5,490,269.3,23768.19,28074.3,4306.11,7735435,1.02646
Q4 1993,7637.4,5172.9,505.1,1566.8,3123.5,998.7,14.5,667,730.1,1542.7,6800.2,4574.9,549,1396.9,2629,979.8,16.7,672.3,746.3,1302.8,89.038,88.438,145.967,154.067,124.3,73.948,129742,121152,195621,6.6,111914,34.4,2.99,3.06,3.2,3.53,4.97,5.61,464.247,3754.09,2739.44,92.2,430.4,-235.6,231.9,439.7,351.9,182.4,513.3,284.1,24221.01,28622.59,4401.58,7800045,1.0213
Q1 1994,7715.1,5230.3,517.3,1582,3151.9,1011.6,46.3,672.8,746.5,1527.1,6911,4643.9,564,1408.1,2671.8,997.9,45.3,681.2,758.8,1301.5,89.578,88.788,146.7,155.067,125,74.886,130555,121994,196085,6.6,112762,34.4,3.21,3.24,3.45,3.91,5.48,6.07,469.46,3635.96,2612.35,93.533,395.3,-228,222.4,452.1,358.8,176.2,528.6,293.1,24209.42,28642.78,4433.36,7863247,1.0192
Q2 1994,7815.7,5268,523.3,1597,3167.9,1036,83,695,778.1,1533.7,7030.6,4702.8,574,1425,2703.8,1025.2,81.5,706.3,801,1315.7,89.954,89.272,147.533,156.233,125.1,76.232,130654,122596,196522,6.2,113816,34.5,3.94,3.99,4.41,5.13,6.67,7.08,450.987,3624.96,2592.26,94.967,441.4,-183.9,235,455.7,370.9,187.4,533.1,304.7,24362.98,28879.84,4516.85,7926820,1.01422
Q3 1994,7859.5,5305.7,529.1,1610.6,3185.8,1046.4,51.7,721,800,1558.8,7115.1,4778.6,584.4,1449.8,2744.4,1039.5,53.4,737.2,836.9,1343.4,90.53,90.065,148.9,157.333,125.9,77.197,131116,123245,197050,6,114817,34.5,4.49,4.48,4.89,5.6,6.96,7.33,460.866,3843.19,2701.8,95.7,444,-193.5,234.7,467.4,367,189.4,545.3,304.8,24756.37,29366.71,4610.34,7994333,1.01715
Q4 1994,7951.6,5358.7,547.9,1626,3200.9,1075.1,73.4,737.3,819.2,1545.5,7232.2,4847.9,606.5,1465.8,2775.6,1070.4,75.1,758.8,861.2,1341.3,90.952,90.466,149.767,158.333,126.1,78.732,131862,124450,197601,5.6,115733,34.5,5.17,5.28,5.77,6.6,7.63,7.84,460.003,3834.44,2653.37,97.033,474.8,-202,237.1,493.7,362.3,194,571.6,304.8,25002.89,29729.36,4726.46,8063570,1.01408
Q1 1995,7973.7,5367.2,537.3,1628,3221.3,1099.6,60.8,750.5,836.5,1551.9,7298.3,4879,596.7,1468.6,2813.8,1099.4,61.2,780.7,883.4,1361.4,91.53,90.904,150.867,159.633,127.2,79.752,132087,124849,197882,5.5,116591,34.4,5.81,5.74,6.04,6.73,7.39,7.48,480.106,4157.69,2865.9,96.933,516.9,-205.1,243.1,516.5,354.2,201.4,596.3,301.7,25694.37,30450.45,4756.08,8125471,1.01903
Q2 1995,7988,5411.7,543.5,1636.2,3251.2,1095.5,34.6,761,848.7,1558.2,7337.7,4946.7,602.7,1481.8,2862.2,1098.9,33.7,797.7,912,1372.7,91.859,91.408,152.1,160.933,127.8,79.935,132130,124629,198296,5.7,117037,34.3,6.02,5.6,5.62,5.97,6.4,6.62,523.69,4556.1,3085.84,96.567,485.7,-194.9,247.9,517.8,342.9,206.8,598.7,293.4,26337.65,31184.95,4847.3,8191593,1.02549
Q3 1995,8053.1,5458.8,559.7,1642.2,3273.6,1110.1,7.9,794.5,851.7,1553.2,7432.1,5011,618.5,1490.8,2901.7,1115,11.2,830.9,909.1,1373,92.289,91.797,152.867,162,128,80.677,132430,124934,198807,5.7,117527,34.3,5.8,5.37,5.36,5.65,6.08,6.32,565.083,4789.07,3312.33,97.433,488.8,-185.4,249.8,521.2,353.6,210.5,600.6,303.8,27094.85,32055.06,4960.21,8260886,1.0258
Q4 1995,8112,5496.1,570,1648,3293.4,1133.3,16.2,806.6,859.7,1535.5,7522.5,5066.4,628.5,1499,2938.8,1138.2,18.3,839.6,909.8,1369.8,92.733,92.181,153.7,163.133,128.8,81.33,132614,125221,199352,5.6,118070,34.3,5.72,5.26,5.24,5.44,5.69,5.89,597.673,5117.11,3484.15,97.8,473.2,-154.4,247.7,537,361.6,210.5,615.4,312.4,27732.11,32791.55,5059.44,8331352,1.02704
Q1 1996,8169.2,5544.6,576.1,1657.5,3326.2,1161.8,3,816.4,884.6,1544.9,7624.1,5142.8,636.1,1520.2,2986.5,1163.2,6.8,848.2,932.4,1395.6,93.328,92.753,155.067,164.3,130,82.028,132916,125542,199776,5.5,118565,34.1,5.36,4.93,4.88,5.12,5.57,5.91,637.01,5587.14,3668.24,97.9,495,-158.4,252.1,551.6,371.1,214.4,627,321.8,28430.82,33543.85,5113.03,8398883,1.02812
Q2 1996,8303.1,5604.9,595.2,1677,3345.4,1199.7,24.5,830.3,911.4,1570.3,7776.6,5232,652.3,1552.3,3027.4,1197.4,30.5,859.6,956.6,1413.7,93.659,93.347,156.4,165.233,131,83.561,133591,126280,200279,5.5,119354,34.3,5.24,5.02,5.14,5.66,6.49,6.72,658.967,5654.63,3798.08,99.667,483.6,-121.3,257.6,568.7,386.8,220,640.6,336.9,28955.76,34166.71,5210.95,8469247,1.02001
Q3 1996,8372.7,5640.7,600.1,1686.5,3366.5,1227.4,57.5,837.3,941.6,1565.1,7866.2,5286.4,655.5,1561.3,3069.7,1228.8,51.1,860.8,977.5,1416.6,93.951,93.72,157.3,166.3,131.5,84.617,134284,127218,200850,5.3,120083,34.4,5.31,5.1,5.22,5.78,6.54,6.78,660.543,5882.17,3884.05,100.767,491,-105.9,260.7,591.8,385.7,225.5,663.5,339.7,29336.31,34642.51,5306.2,8541991,1.02022
Q4 1996,8470.6,5687.6,612.3,1700.7,3385.9,1247.8,29.9,889.5,954.4,1579.2,8000.4,5366.1,666.3,1588.4,3111.4,1248.6,34.7,905.6,992.7,1438.1,94.45,94.347,158.667,167.367,132.6,85.786,135014,127840,201457,5.3,120791,34.4,5.28,4.98,5.07,5.48,6.1,6.34,726.79,6448.27,4148.07,101.667,486.3,-78.3,273.8,602.9,381.8,238.6,672,337.9,30329.65,35742,5412.36,8616215,1.01719
Q1 1997,8536.1,5749.1,629.9,1710.8,3417.8,1272,34.7,905.7,994.7,1581.6,8113.8,5448.8,682.8,1605.3,3160.7,1271,44.4,919.7,1022.7,1452.7,95.054,94.777,159.633,168.1,132.8,87.457,135582,128496,202396,5.2,121536,34.4,5.28,5.06,5.14,5.65,6.36,6.56,785.59,6583.48,4214.16,103.167,489.3,-59.6,276.2,621.8,383.1,243.1,687.1,340.8,30572.69,36023.48,5450.78,8686995,1.01768
Q2 1997,8665.8,5775.8,627.9,1711.4,3446.9,1299.4,94.2,941.8,1034.8,1598.1,8250.4,5484.6,673.8,1603.2,3207.6,1296.8,88.5,955.5,1043.8,1468.9,95.206,94.958,160,169.167,131.5,88.799,136115,129340,202835,5,122390,34.5,5.52,5.05,5.27,5.85,6.57,6.7,824.437,7672.79,4889.72,104.5,516.5,-32.7,273.7,644.7,387.9,243.2,706.9,346.8,32268.4,37815.53,5547.13,8756299,1.01044
Q3 1997,8773.7,5870.7,656.7,1736.2,3485.5,1349.6,72.3,964.2,1073,1598.5,8381.9,5589.8,700.1,1628.5,3261.2,1347,72.5,975.6,1075.2,1472.2,95.534,95.215,160.8,169.9,131.3,90.873,136590,129950,203367,4.9,123084,34.6,5.53,5.05,5.13,5.54,6.13,6.24,930.016,7945.26,5257.58,106.233,503.5,9.5,284.2,680.5,389.7,255.2,740.5,351.3,33401.29,39071.44,5670.15,8828532,1.00625
Q4 1997,8838.4,5931.4,673.2,1743,3521.6,1361.4,83.4,963.2,1090.9,1597.9,8471.2,5666.4,714,1638.8,3313.6,1356.4,82.7,970.6,1085.9,1481.1,95.846,95.533,161.667,170.867,131.6,93.222,136916,130504,203935,4.7,124058,34.6,5.51,5.09,5.17,5.48,5.83,5.91,950.816,7908.25,5405.19,107.333,503.9,16.1,286.3,686.3,393.6,260,738.9,357.5,33996.06,39756.67,5760.61,8901390,1.00713
Q1 1998,8936.2,5996.8,676.2,1765.4,3562,1402.4,116.9,967.4,1131.1,1589.1,8586.7,5733.4,711.9,1652,3369.4,1390,115.5,965.2,1094.4,1477,96.089,95.607,162,171.9,130.6,94.17,137148,130782,204395,4.6,124802,34.6,5.52,5.05,5.05,5.31,5.51,5.59,1021.31,8799.81,6056.42,108.233,503.7,61.6,286.7,717.2,401.8,264.2,759.9,365.9,35872.34,41690.53,5818.19,8970729,1.00386
Q2 1998,8995.3,6092.1,707.5,1787.2,3602,1444.5,50.4,957,1162.1,1621.4,8657.9,5834.2,739.8,1671.3,3423.1,1427.7,46.9,949.6,1112,1511.5,96.249,95.768,162.533,172.867,130.5,94.89,137326,131259,204905,4.4,125576,34.5,5.5,4.98,5.11,5.41,5.59,5.6,1109.67,8952.02,6119.34,108.7,480,75.7,298,737.3,412.9,277.5,771.6,378.6,36421.37,42384.67,5963.3,9041369,1.00512
Q3 1998,9098.9,6165.7,727.2,1799.7,3642.1,1465.1,64.2,952.9,1176.9,1636,8789.5,5924.2,754.9,1691.2,3478.1,1447.1,60.7,938.3,1112.5,1531.7,96.6,96.083,163.367,173.9,130.5,95.577,137815,131568,205483,4.5,126277,34.5,5.53,4.82,4.87,5.09,5.12,5.2,1083.95,7842.61,5334.13,108.933,482.1,110.1,295.5,749.1,424.1,277.5,776.8,392.8,34954.84,41028.55,6073.71,9113640,1.00162
Q4 1998,9237.1,6248.8,770.3,1825.5,3653.7,1507.7,58.9,988.7,1211,1651.1,8953.8,6026.2,794.2,1719.7,3512.3,1488.7,59.9,970.6,1144.6,1553.1,96.934,96.437,164.133,174.867,131,96.804,138431,132294,206098,4.4,127036,34.5,4.86,4.25,4.29,4.39,4.39,4.67,1122.316,9181.43,6299.93,109.9,445.2,116,297.6,778.6,434.3,281.8,800.9,406,37369.75,43585.5,6215.75,9186772,0.99455
Q1 1999,9315.5,6311.3,767.4,1849.2,3696.4,1531,79.5,980.1,1242.2,1662.2,9066.6,6101.7,785.2,1748.5,3568,1514.6,82.2,960.1,1167.6,1575.6,97.328,96.68,164.733,175.633,131.5,97.822,138900,132943,206876,4.3,127789,34.4,4.73,4.41,4.41,4.66,4.88,4.98,1259.003,9786.15,6382.2,111.533,498.8,128.4,292,802.7,438.1,278.3,822.7,413.5,38158.69,44461.02,6302.32,9255185,0.99353
Q2 1999,9392.6,6409.7,803.6,1867.9,3738.5,1568.6,41.7,991.2,1286.4,1672.3,9174.1,6237.2,818.5,1789.2,3629.6,1551.7,38.1,972.8,1224.9,1599.1,97.674,97.31,165.967,176.467,132.3,98.731,139132,133215,207432,4.3,128603,34.4,4.75,4.45,4.58,4.88,5.44,5.54,1329.793,10970.8,6853.15,112.167,413.7,149.9,294.1,833.5,441.8,282,848.1,421.7,39337.63,45793.9,6456.27,9325066,0.99281
Q3 1999,9502.2,6476.7,820.7,1873.7,3782.3,1598.6,50.8,1017.4,1331.3,1693.1,9313.5,6337.2,832.8,1812.5,3691.9,1579.2,49.1,1000.5,1285.7,1633.2,98.013,97.845,167.2,177.4,133.6,99.694,139497,133571,208044,4.2,129337,34.4,5.09,4.65,4.78,5.16,5.77,5.88,1342.217,10336.95,6268,113.3,368.1,159.8,291.8,862.4,444.5,281.6,869.8,427.8,38739.79,45358.98,6619.18,9396004,0.98882
Q4 1999,9671.1,6556.8,826.4,1915.7,3815,1606.9,103.5,1044.1,1357.9,1720.2,9519.5,6453.7,834.1,1869,3750.7,1589.5,98.2,1031.6,1328.8,1675.3,98.432,98.428,168.433,178.4,134.8,101.631,139991,134275,208660,4.1,130238,34.4,5.31,5.04,5.21,5.61,6.06,6.14,1373.229,11497.13,6876.1,114.4,395.3,178,294.8,862.3,449.9,286.9,866.1,436.5,42306.21,49098.29,6792.09,9465830,0.97877
Q1 2000,9695.6,6661.3,872.8,1917.2,3871.1,1651.1,26.9,1060.9,1411.5,1707.3,9629.4,6613.9,876.9,1894.2,3842.8,1642.4,29.9,1055.1,1401.5,1689.6,99.317,99.289,170.1,179.567,136.4,102.848,142386,136619,211586,4,131019,34.4,5.68,5.52,5.69,6.19,6.59,6.48,1418.889,10921.92,6848.61,115.2,362.8,268.7,299.9,896.7,454.5,295.2,898.7,448.5,43280.81,50197.9,6917.08,9525731,0.98248
Q2 2000,9847.9,6703.3,851.3,1944,3908.2,1689.1,99.3,1092,1466.5,1730.5,9822.8,6688.1,854.2,1938.3,3895.6,1685.4,96.3,1091.8,1458.7,1720,99.745,99.772,171.433,180.7,137.3,104.11,142577,136947,212242,3.9,131795,34.3,6.27,5.71,5.96,6.22,6.42,6.18,1447.266,10447.89,6798.17,115.533,354.5,240.9,312.5,926,450.4,310.4,926.1,448.8,42728.38,49797.69,7069.3,9594440,0.97426
Q3 2000,9836.6,6768,863.8,1955,3949.3,1686.4,56.2,1120,1515.6,1721.5,9862.1,6783.9,861.3,1965.8,3956.7,1690.6,58.4,1122.4,1523.1,1729.9,100.259,100.236,173,181.9,138.4,104.035,142437,136695,212919,4,132045,34.2,6.52,6.02,6.02,6.13,6.06,5.89,1475.502,10650.92,7010.81,114.9,355,240.2,319.7,925.5,441.2,321.1,926.5,443.1,42847.35,50103.28,7255.93,9662477,0.9823
Q4 2000,9887.7,6825,865.4,1972.7,3986.8,1689.4,43.5,1112.3,1509.5,1727.1,9953.6,6871.6,860.9,1990.5,4020.3,1697.5,41.4,1115.8,1519.7,1746.9,100.666,100.684,174.233,183,140.1,103.701,142944,137341,213560,3.9,132316,34.2,6.47,6.02,5.93,5.9,5.55,5.57,1365.37,10786.85,6945.57,113.667,300.8,207.9,320.6,927.3,441.6,326,924.2,447.2,41656.25,49054.51,7398.25,9728176,0.98387
Q1 2001,9875.6,6853.1,879.5,1975.2,3997.9,1678.2,-7.8,1097.2,1495.4,1749.6,10021.5,6955.8,872.1,2000,4083.7,1685.2,-9.9,1100.7,1493.7,1783.3,101.478,101.499,175.9,184.333,141.6,102.246,143808,137724,214101,4.2,132500,34.1,5.59,4.82,4.65,4.6,4.8,5.05,1275.743,9878.78,6298.35,112.467,315.7,189.2,313.8,920.8,444,323.9,905.7,455.6,40101.33,47550.75,7449.42,9790268,0.99136
Q2 2001,9905.9,6870.3,878.9,1974.7,4016,1640.5,-2.5,1060.6,1445.8,1783,10128.9,7017.5,864.7,2016.6,4136.2,1654.7,-7,1060.5,1422.2,1825.4,102.252,102.143,177.133,185.467,142,100.888,143415,137088,214736,4.4,132147,34,4.33,3.66,3.64,3.78,4.83,5.27,1232.973,10502.4,6574.32,112.367,283.8,149.4,310.6,879.2,450.1,325.7,861.4,467.6,41111.2,48760.38,7649.18,9855821,0.99494
Q3 2001,9871.1,6900.5,885.6,1986.5,4027.8,1621.9,-29.9,1008.7,1407.1,1776.1,10135.1,7058.5,865.1,2024.2,4169.1,1644.8,-31.8,1003.5,1365.3,1825.6,102.675,102.289,177.633,186.733,140.7,99.377,143642,136719,215422,4.8,131734,33.9,3.5,3.17,3.12,3.3,4.48,4.98,1142.53,8847.56,5750.42,112.767,412.4,-97.2,315.1,852.9,452.1,335.8,831.4,477.6,39130.95,47031.54,7900.59,9922751,1.00523
Q4 2001,9910,7017.6,958.7,2010.3,4051.2,1577,-86.7,980.3,1394.9,1812.7,10226.3,7188.4,932.8,2027.5,4228,1599.6,-78.2,966.6,1318.2,1868.2,103.191,102.434,177.5,187.967,138.5,98.048,144210,136226,216112,5.5,130939,33.8,2.13,1.91,1.93,2.24,4.09,4.77,1117.066,10021.5,6236.39,113.7,286.5,-35.3,284.9,843.8,447.8,305.2,818.1,476.3,40651.48,48680.14,8028.65,9989516,1.00802
Q1 2002,9977.3,7042.2,948.4,2026.8,4069.4,1551.5,-10.2,992.8,1434,1832,10333.3,7230.3,915.2,2044.9,4270.2,1572.4,-8.3,976.4,1349.5,1912,103.568,102.67,178.067,189,138.2,98.61,144339,136105,216664,5.7,130485,33.8,1.73,1.72,1.85,2.32,4.46,5.08,1131.556,10403.94,6348.79,116.667,497.4,-243.8,270.3,820.9,459,292.2,793,487.2,41063.48,49228.15,8164.66,10052870,1.00757
Q2 2002,10031.6,7083.5,956.9,2033.4,4095.7,1545.9,2.6,1018,1476.9,1853.4,10426.6,7323,918.9,2078.9,4325.2,1568.8,2.6,1008.2,1424.3,1948.3,103.938,103.381,179.467,189.967,138.6,100.126,144824,136360,217204,5.8,130345,33.9,1.75,1.72,1.86,2.34,4.44,5.1,1068.45,9243.26,5636.54,118.2,500.9,-276.5,256.4,819,469.5,280.9,787,501,39621.42,47981.88,8360.46,10115520,1.00836
Q3 2002,10090.7,7123.2,983.4,2035,4109,1543.2,28,1025.2,1497.4,1863.9,10527.4,7396.6,940.1,2085.1,4371.4,1566.8,26,1022.9,1456.7,1971.8,104.328,103.838,180.433,190.967,138.8,100.697,145121,136807,217868,5.7,130247,33.9,1.74,1.64,1.63,1.81,3.35,4.26,894.65,7591.93,4709.96,118.9,445.4,-278.7,245.8,825.7,471.8,272.1,789.3,505.4,37912.38,46478.89,8566.5,10182090,1.00906
Q4 2002,10095.8,7148.2,970.4,2053.1,4127.4,1537.8,29.5,1017.2,1530.2,1885.8,10591.1,7453.1,921.5,2109.7,4421.8,1572.8,27.3,1016.2,1490.8,2012.5,104.907,104.265,181.5,191.833,139.9,100.566,145140,136652,218543,5.9,130284,33.8,1.44,1.33,1.36,1.53,3.01,4.01,887.913,8341.63,5000,119.833,473.3,-329.5,242.5,815.4,479.3,271.7,779,522.1,39066.44,47900.62,8834.18,10249070,1.01518
Q1 2003,10126,7184.9,971.4,2072.5,4143.3,1536.3,24.3,1003.3,1510.5,1879.3,10705.6,7548.1,911.5,2159,4477.7,1583.3,23,1012.4,1511.7,2050.3,105.724,105.055,183.367,192.467,142.6,101.23,146020,137444,220109,5.9,130090,33.7,1.25,1.16,1.17,1.3,2.91,3.92,860.026,7992.13,4730.21,120.433,436.9,-351.4,238.2,813.3,484.1,269.9,774.1,539.3,39184.47,48197.31,9012.84,10314280,1.01859
Q2 2003,10212.7,7249.3,1009.8,2084.2,4161.3,1575.6,-2.7,999,1525.9,1907.5,10831.8,7628.4,937.3,2155.4,4535.6,1620.6,-3.5,1010.8,1512.1,2087.7,106.062,105.23,183.067,192.8,142.3,100.482,146677,137656,220774,6.1,129842,33.6,1.25,1.04,1.05,1.15,2.57,3.62,937.997,8985.44,5505.17,122.5,498.9,-392.7,246.5,831.7,496.3,279.2,788.2,553.2,41055.78,50452.67,9396.89,10378030,1.01619
Q3 2003,10398.7,7352.9,1049.6,2123,4190.7,1626.7,10.5,1026.3,1540,1914.5,11086.1,7782.6,964.4,2216.8,4601.4,1678.7,11.8,1040.7,1535.9,2108.2,106.611,105.845,184.433,193.567,143.5,101.168,146487,137544,221513,6.1,129870,33.6,1.02,0.93,1,1.22,3.14,4.23,1000.503,9275.06,5644.03,125.3,562.6,-459.6,246,857.8,521.8,280.2,813.2,585.4,41840.74,51501.02,9660.28,10444520,1.00441
Q4 2003,10467,7394.3,1051.4,2132.5,4220.2,1648.9,25,1075.8,1603.6,1918,11219.5,7855.3,957.4,2229.5,4668.4,1716.4,25.9,1099.1,1600.9,2123.7,107.19,106.235,185.133,194.067,144.8,102.098,146815,138273,222276,5.8,130181,33.7,1,0.92,1,1.3,3.25,4.29,1056.423,10453.9,6440.3,127.967,561.5,-366.3,243.1,869.5,535.2,279.6,825.2,611.6,44104.7,53961.72,9857.02,10512980,1.00439
Q1 2004,10543.6,7475.1,1066.2,2156.7,4262.9,1647.9,35,1101.8,1650.9,1925.4,11405.5,8010.1,969.6,2284.2,4756.3,1732.6,37,1140.9,1684.1,2169.1,108.175,107.157,186.667,195.033,145.9,102.756,146809,138471,222356,5.7,130541,33.8,1,0.92,0.98,1.22,2.99,4.02,1133.286,10357.7,6599.06,130.4,597.8,-419,242.9,861.9,540.5,284,816.4,632.2,44894.07,54957.99,10063.92,10578120,1.00327
Q2 2004,10634.2,7520.5,1071.3,2164.9,4294.6,1698.7,64.9,1119.4,1710.5,1931.8,11610.3,8135,974.8,2327.7,4832.4,1806.6,69,1172.8,1775.8,2202.8,109.178,108.171,188.167,196.2,148.1,103.263,147117,138899,222973,5.6,131261,33.7,1.01,1.08,1.33,1.78,3.72,4.6,1122.823,10435.5,6602.99,132.7,571.8,-376.1,246.5,887.4,561.7,293.5,842,671.1,45639.31,56011.7,10372.39,10646500,1.00116
Q3 2004,10728.7,7585.5,1091.5,2181.4,4325.2,1736.7,60.1,1128,1730.8,1939.4,11779.4,8245.1,986.9,2353.5,4904.6,1864.7,65,1187.3,1820,2237.3,109.793,108.695,189.433,197.067,148.5,103.777,147578,139550,223680,5.4,131640,33.7,1.43,1.49,1.75,2.08,3.51,4.3,1104.15,10080.27,6570.25,133.733,517.9,-374.2,248.7,920,567.5,303.4,869.3,692,45907.47,56576.5,10669.03,10715600,0.99878
Q4 2004,10796.4,7664.3,1110.1,2207.5,4361.1,1767.7,57.2,1155.3,1787.7,1930.6,11948.5,8393.3,1004.1,2409.3,4979.9,1916.1,63.4,1228.6,1911.2,2258.2,110.671,109.512,191.367,198.233,151.4,105.261,148028,140046,224418,5.4,132234,33.7,1.95,2.01,2.23,2.47,3.49,4.17,1162.073,10783,7250.06,134.467,516.9,-307.1,248.6,951.2,570.9,312,897.4,706.6,48092.83,59127.94,11035.11,10784700,0.99892
Q1 2005,10878.4,7709.4,1116,2226.8,4381.3,1785.3,63.4,1172.4,1796.8,1936.8,12154,8488.8,1009.7,2432.1,5047,1960.4,69.3,1260.8,1931.9,2306.7,111.726,110.11,192.3,199.467,152.7,106.654,148195,140380,225038,5.3,132655,33.7,2.47,2.54,2.79,3.06,3.88,4.3,1191.98,10503.76,7167.53,135.133,510.4,-266,249.8,960,578.3,323.3,909.7,727.3,48319.56,59542.13,11222.57,10854330,0.99779
Q2 2005,10954.1,7775.2,1146.3,2247.2,4401.3,1819.8,10.1,1199.3,1800.3,1942.5,12317.4,8632.6,1036,2484.3,5112.3,2012.5,12.2,1301.2,1981,2339.8,112.446,111.027,193.633,200.433,154.1,107.147,149144,141516,225674,5.1,133341,33.7,2.94,2.86,3.09,3.34,3.87,4.16,1181.72,10274.97,7217.78,135.667,490,-261.6,248.9,977.4,596.4,328.8,926.9,756.8,49283.7,60835.56,11551.86,10924740,0.99732
Q3 2005,11074.3,7852.8,1163.5,2260.9,4449.1,1854.9,5.9,1205.6,1809.7,1957.6,12558.8,8810.5,1044.1,2557,5209.4,2072.7,5.8,1316,2041,2394.8,113.405,112.196,196.633,201.167,156.7,107.034,149776,142314,226422,5,134121,33.7,3.46,3.36,3.58,3.79,4.04,4.21,1224.14,10568.7,7632.98,136.3,263.4,-388.9,244.8,1011.1,606.4,334.2,952.9,785.7,50417.2,62316.75,11899.54,10995810,0.99291
Q4 2005,11107.2,7876.9,1123.8,2286.8,4477.5,1865.6,53.6,1236.4,1879,1948.2,12705.5,8899.3,1005.7,2591.3,5302.4,2115.5,60.5,1359.6,2141.9,2412.5,114.389,112.981,198.567,202.433,159.3,108.004,150067,142652,227196,4.9,134661,33.8,3.98,3.83,4.11,4.29,4.39,4.49,1230.467,10717.5,7753.95,137.6,448.9,-295.6,247.7,1018.7,607.2,352,960.5,803,51780.01,63971.15,12191.13,11068240,0.99649
Q1 2006,11238.7,7961.9,1167.8,2312.3,4501,1901.4,38.4,1270.6,1910.7,1971.8,12964.6,9034.7,1042.6,2622.1,5370,2176.8,44.3,1406.6,2169.9,2472.1,115.357,113.474,199.433,203.667,159.6,108.853,150437,143356,227764,4.7,135383,33.8,4.46,4.39,4.54,4.63,4.55,4.57,1283.037,11150.7,8271.79,138.333,484.7,-184,256.5,1050.2,606.1,375.7,991.7,809.4,53246.63,65740.88,12494.26,11134160,0.9907
Q2 2006,11306.7,8009.3,1170.2,2325.6,4531.6,1892.3,51.4,1288.4,1915,1976.5,13155,9183.9,1042.8,2692.2,5448.9,2179.5,59.5,1447.4,2227.8,2512.5,116.347,114.665,201.267,205.4,160.8,109.547,151139,144083,228433,4.7,135840,33.9,4.91,4.7,4.96,5.02,4.99,5.07,1281.767,11190.8,8138.86,137.867,460,-197,266.4,1050.1,587.5,400.2,991.1,788.2,53323.26,66173.88,12850.68,11206000,0.99109
Q3 2006,11336.7,8063.8,1186.3,2343.9,4554,1869.6,53.9,1306.6,1940.4,1980.2,13266.9,9305.7,1053.8,2732.4,5519.5,2161.3,62.8,1484.5,2283.6,2536.1,117.026,115.401,203.2,206.867,161.1,110.069,151670,144604,229166,4.6,136354,33.9,5.25,4.91,4.97,5.09,4.84,4.9,1285.59,11679.07,8469.65,137.367,409.7,-226.9,273.3,1057.6,555,416.1,999.1,746.1,54224.66,67396.63,13172.01,11278730,0.99489
Q4 2006,11395.5,8141.2,1197.6,2368.8,4595.5,1835.5,17.4,1350.9,1948.2,1997.2,13392.3,9373.7,1056.5,2705.4,5611.8,2132.4,20,1531.9,2237.2,2571.4,117.522,115.139,202.433,207.8,159.8,109.815,152414,145642,229896,4.4,136789,33.9,5.25,4.9,4.92,4.99,4.6,4.63,1389.477,12463.15,9139.02,137.867,434.4,-173.9,278.3,1044.4,529.4,428.4,988.7,715.3,55800.2,69254.63,13454.46,11352590,0.99623
Q1 2007,11412.6,8215.7,1223.2,2386.6,4630.7,1815.2,0.1,1354.7,1966.8,1994.7,13551.9,9540.5,1074,2759.4,5707.1,2118.9,-1.6,1549.9,2264,2608.3,118.745,116.125,204.269,208.975,162.7,110.234,152856,145983,230839,4.5,137184,33.8,5.26,4.98,4.93,5.01,4.65,4.68,1425.299,12354.35,9261.82,137.633,432.8,-224.3,282.6,1045.3,506.3,439.6,991.8,687.5,56530.48,70141.88,13611.4,11421600,1.00079
Q2 2007,11520.1,8244.3,1228.4,2383.8,4656.7,1829.3,5.8,1379.5,1953.4,2014.8,13768.8,9674,1074.7,2822.7,5776.5,2133.9,5.1,1598.7,2312.9,2670,119.519,117.341,206.566,210.025,166.2,111.092,152801,145904,231482,4.5,137500,33.8,5.25,4.74,4.8,4.93,4.76,4.85,1496.43,13408.62,9873.02,137.7,423.5,-193.4,299.5,1057.4,490.7,464.5,1004.5,664.8,57616.89,71537,13920.13,11491280,0.9975
Q3 2007,11658.9,8302.2,1241.9,2396.8,4689.5,1826,30.6,1441.2,1974.3,2033.6,13970.5,9785.7,1081.6,2846.3,5857.8,2127.5,35.4,1685.7,2380.4,2716.5,119.826,117.868,207.989,211.309,166.9,112.078,153191,146019,232210,4.7,137758,33.8,5.07,4.3,4.42,4.52,4.5,4.73,1490.813,13895.63,10039.3,137.7,414.1,-243.2,311.1,1073.5,463.3,483.1,1017.1,627.3,58250.89,72400.13,14149.27,11561590,0.99237
Q4 2007,11675.7,8349.1,1248.1,2404.2,4722.4,1807.5,-18.3,1464.1,1967.3,2043.4,14074.2,9936.6,1082.5,2904.5,5949.7,2109.5,-27.4,1737.7,2446.6,2764.4,120.542,119.015,210.555,212.615,170.6,112.168,153667,146291,232937,4.8,138031,33.8,4.5,3.39,3.57,3.62,3.79,4.26,1494.092,13264.82,9740.32,136.2,324.9,-268.5,320.3,1081.7,430.9,501.3,1025.3,582.9,57718.03,72092.5,14374.51,11632330,0.99518
Q1 2008,#NA,#NA,#NA,#NA,#NA,#NA,#NA,#NA,#NA,#NA,#NA,#NA,#NA,#NA,#NA,#NA,#NA,#NA,#NA,#NA,#NA,#NA,#NA,#NA,#NA,#NA,#NA,#NA,#NA,#NA,#NA,#NA,#NA,#NA,#NA,#NA,#NA,#NA,#NA,#NA,#NA,#NA,#NA,#NA,#NA,#NA,#NA,#NA,#NA,#NA,#NA,#NA,#NA,11703500,0.99854
